air,ajar,aksi,alias,anak,ancam,anggota,aniaya,api,arah,ayat,bahan,bakar,banjir,bantu,bawa,beri,berita,bom,buah,bumi,bunuh,capai,daerah,daging,dakwa,dasar,data,daya,derajat,edar,ganja,gas,gempa,genang,geng,getar,gudang,guna,guncang,harap,hubung,hujan,hukum,indikasi,informasi,inisial,isi,jahat,jalur,jam,jaring,jenazah,jiwa,kabid,kabur,kait,kamar,kampung,kantor,kasus,kawan,kebun,kelompok,keluarga,kembang,kena,kendara,keroyok,ketua,kios,korupsi,kuat,landa,lantai,lari,laut,ledak,ledakan,letak,libat,lihat,lintas,luap,luas,luka,masyarakat,mata,mati,menahan,menang,menggerebek,menteri,mobil,motor,mukim,narkoba,nyata,olah,operasi,pabrik,padam,pajak,pakai,paksa,pelaku,penggerebekan,penjara,periksa,peristiwa,perkosa,pidana,pil,potensi,proyek,pusat,putus,rampas,rampok,razia,rendam,resah,richter,rugi,rusak,sabu,sebut,sekolah,senjata,sentimeter,sepeda,serah,sidik,sita,skala,suap,surat,tahan,tambah,tegas,tembak,temu,tenggara,terang,terima,teroris,terorisme,tiba,tim,timbul,tindak,tsunami,tuju,turun,uang,ungkap,unit,usaha,usia,vonis,wartawan,wilayah
0,0,0,4.25289,0,0,0,0,0,0,0,0,0,29.509193,0,0,0,0,0,0,0,0,4.095773,0,0,0,0,4.524316,0,0,0,0,0,0,0,0,0,0,0,0,0,0,0,0,0,0,0,0,0,0,0,0,0,0,0,0,0,0,0,0,0,0,0,0,0,0,0,0,0,0,0,0,0,0,0,0,0,0,0,0,0,0,0,9.882103,15.235239,0,0,0,0,0,0,0,0,0,0,0,0,0,0,0,0,0,0,0,0,0,0,0,0,0,0,0,0,0,0,0,0,0,0,0,25.979544,0,0,0,0,0,0,0,0,5.414336,0,0,0,0,0,0,0,0,0,0,0,0,0,0,0,0,0,0,0,0,0,0,0,0,0,0,0,0,0,0,0,4.197053
9.783806,0,0,0,3.368661,0,0,0,0,0,0,0,0,24.270505,6.53466,0,0,0,0,0,0,0,0,3.721127,0,0,0,0,0,0,0,0,0,0,0,0,0,0,0,0,3.721127,3.600398,0,0,0,0,0,0,0,0,0,0,0,7.007473,0,0,0,0,4.650641,3.658116,0,0,0,0,0,0,0,0,0,0,0,0,0,3.867237,4.294731,0,0,0,0,0,0,0,0,0,0,0,0,0,3.790411,0,0,0,0,0,0,0,0,0,0,0,0,0,0,0,0,0,0,0,0,0,0,0,0,0,0,0,0,0,0,0,17.852054,0,0,0,0,0,0,4.163069,0,0,0,0,0,0,0,0,0,0,0,0,0,0,0,0,0,0,0,0,0,0,0,0,0,0,0,0,0,0,0,0,0,0
0,0,0,0,0,0,0,0,0,0,0,0,0,39.774266,11.176793,0,0,0,0,0,0,0,5.761712,6.364564,0,0,9.919812,0,0,0,0,0,0,0,13.482603,0,0,0,0,0,0,0,0,0,0,0,0,0,0,0,0,0,0,6.256792,0,0,0,0,0,0,0,0,0,0,0,0,0,0,0,0,0,0,0,6.61447,0,0,0,0,0,0,0,0,0,0,0,0,0,0,0,0,0,0,0,0,0,0,0,0,0,0,0,0,0,0,5.830713,0,0,0,0,0,0,0,0,0,0,0,0,0,0,0,0,0,0,0,0,0,0,0,0,0,0,0,0,0,0,0,0,0,0,0,0,0,0,0,0,0,0,0,0,0,0,0,0,0,0,0,0,0,0,0,0,0
4.530755,0,0,0,0,0,0,0,0,0,0,0,0,22.95129,0,0,0,0,0,4.314124,0,0,0,0,0,0,0,0,0,0,0,0,0,0,5.246967,0,0,0,0,0,0,0,0,0,0,0,0,0,0,0,4.594625,0,0,0,0,0,0,0,0,0,0,0,0,0,0,0,4.314124,4.415627,0,0,0,0,0,0,0,0,0,0,0,0,0,0,8.454593,0,0,0,0,0,0,0,0,0,0,4.066403,3.873247,0,0,0,0,0,0,0,0,0,4.415627,0,0,0,0,0,0,0,0,0,0,0,0,0,0,0,14.016567,0,0,0,0,0,4.363372,0,0,16.905321,0,0,0,0,0,0,0,0,0,0,0,0,0,0,0,0,0,0,0,0,0,0,0,0,0,0,0,0,0,0,0,0
6.095289,0,0,0,0,0,0,0,0,0,0,0,0,21.242716,2.150564,0,0,0,0,0,0,0,2.098668,2.318253,0,0,0,2.318253,0,0,0,0,0,0,0,0,0,0,0,0,0,0,2.675608,0,0,0,0,0,0,0,0,0,0,2.278998,0,0,0,0,0,0,0,0,5.713885,0,6.590672,0,3.894852,0,0,0,0,0,0,0,0,0,0,0,0,0,0,0,2.24304,0,0,0,0,0,0,0,0,0,0,0,0,11.346976,0,0,0,0,0,0,0,0,0,0,0,0,0,0,0,0,0,0,0,0,0,0,0,0,8.931696,0,0,6.205942,2.593583,0,2.098668,0,0,0,0,0,0,0,0,0,0,0,0,0,0,0,0,0,0,0,0,4.137232,0,2.462886,0,0,0,0,0,0,0,4.36564,0,0,0,2.150564
0,0,0,0,0,0,0,0,0,13.121889,0,0,0,0,0,0,0,0,0,0,0,0,0,0,0,0,0,0,0,0,0,0,0,0,0,0,0,0,0,0,0,0,16.920167,0,0,0,0,0,0,16.401452,0,0,0,0,0,0,0,0,0,0,0,0,0,0,0,0,0,0,0,0,0,0,0,0,0,0,0,0,0,0,0,0,0,0,0,0,0,0,0,0,0,0,0,0,0,0,0,0,0,0,0,0,0,0,0,0,0,0,0,0,0,0,0,0,0,0,16.401452,0,0,0,29.476248,0,0,0,0,0,0,0,0,0,0,0,0,0,0,0,0,0,0,0,0,0,0,0,0,0,0,0,0,0,0,0,13.975064,0,0,0,0,0,0,0,0,0
0,0,0,0,0,0,0,0,0,0,0,0,0,32.376433,7.737928,0,0,0,0,0,0,0,0,8.341288,0,0,0,8.341288,0,0,0,0,0,0,0,0,0,0,0,0,0,0,0,0,0,0,0,0,0,0,0,0,0,0,0,0,0,0,0,0,0,0,0,0,0,0,0,0,0,0,0,0,0,0,0,0,0,0,0,0,0,0,0,0,23.988409,0,0,0,0,0,0,0,0,0,0,0,0,0,0,0,0,0,0,8.496596,0,0,0,0,0,0,0,0,0,0,0,0,0,0,0,0,0,0,0,0,0,0,0,0,0,0,0,0,0,0,0,0,0,0,0,0,0,0,0,0,7.737928,0,0,0,0,0,0,0,0,8.341288,0,0,0,0,0,0,0,0
0,0,0,0,0,0,0,0,0,0,0,0,0,30.320245,4.985247,0,0,0,0,0,0,0,0,0,0,0,4.53384,5.373969,0,0,0,0,0,0,0,0,0,0,0,0,0,0,12.149363,0,0,0,0,0,0,0,0,0,0,5.282971,0,0,4.708877,0,0,0,0,0,0,0,0,0,0,0,0,0,0,0,0,10.798678,0,0,0,0,0,0,0,0,0,6.012212,0,0,0,0,0,0,0,0,0,0,0,0,0,0,0,0,0,0,0,0,0,0,0,0,0,0,0,0,0,0,0,0,0,0,0,0,15.881865,0,0,0,0,0,0,0,0,0,0,0,0,0,0,0,0,0,0,0,0,0,0,0,0,0,0,0,0,0,0,0,0,0,0,0,0,0,0,0,0,4.985247
13.964208,0,0,0,0,0,0,0,0,0,0,0,0,26.783485,2.999672,0,0,0,0,0,0,0,2.927286,0,0,0,2.728056,0,0,0,0,0,0,0,3.520069,0,0,0,2.704442,0,0,0,0,0,0,0,0,0,0,0,0,0,0,3.178816,0,0,0,0,0,0,0,0,0,0,0,0,0,0,0,3.23357,0,0,0,0,0,0,0,0,0,0,0,0,0,3.617608,0,0,0,0,0,0,0,0,0,0,2.598473,7.969899,0,0,0,0,0,0,0,0,0,0,0,0,0,0,0,0,0,0,0,0,0,0,0,0,15.513008,0,0,0,0,0,0,0,0,7.605533,2.927286,0,0,0,0,0,0,0,0,0,0,2.507526,0,0,0,0,0,0,0,0,0,0,0,0,0,0,0,0,0,0,0,0
8.791555,0,0,0,0,0,0,0,0,4.251873,0,0,0,9.823044,0,0,0,0,0,0,0,0,2.291042,4.86278,0,0,0,0,0,0,0,0,0,0,5.361118,0,0,0,3.900442,0,0,0,2.920867,0,0,0,0,0,0,10.920537,0,0,0,2.487902,0,0,0,0,0,0,0,0,0,0,0,0,0,2.318479,0,0,0,0,0,7.540687,0,0,0,0,0,0,0,0,6.904275,5.527728,0,0,0,0,0,0,0,0,0,0,0,9.312371,0,0,0,0,0,0,0,0,0,0,0,0,0,0,0,0,0,0,0,0,0,0,0,0,7.359571,0,0,2.412464,0,0,0,0,0,0,0,0,0,0,0,0,0,0,0,0,0,0,0,0,0,0,0,0,0,2.688646,0,0,2.412464,0,0,2.098856,0,0,0,0,0,0
17.051558,0,0,0,4.443564,4.49678,0,0,0,0,0,0,0,14.731241,0,0,0,0,0,0,0,0,4.443564,0,0,0,0,0,0,0,0,0,0,0,0,0,0,0,0,0,0,4.749246,0,0,0,0,0,0,0,0,0,0,0,0,0,0,0,0,0,0,0,0,0,0,0,0,0,0,0,0,0,0,0,5.101231,0,0,0,0,0,0,0,0,0,10.72124,0,0,0,0,0,0,0,0,0,0,0,6.13461,0,0,0,0,0,0,0,0,0,0,0,0,0,0,0,0,0,0,0,0,0,0,0,0,23.548452,0,0,0,0,0,0,0,0,0,0,0,0,0,0,0,0,0,0,0,0,0,0,0,0,0,0,0,0,0,0,0,0,0,0,0,0,0,4.908498,0,0,4.553446
0,0,0,0,0,0,0,0,0,10.201869,0,0,0,16.063541,0,0,0,0,0,0,0,0,10.357565,0,0,0,0,0,0,0,0,0,0,0,4.505203,0,0,0,0,0,0,0,0,0,0,0,0,0,0,16.284439,0,0,0,0,0,0,0,0,0,0,0,0,0,0,0,0,0,10.521977,0,0,0,0,0,0,0,0,0,0,0,0,0,0,7.647378,4.630039,0,0,0,0,0,0,0,0,0,0,3.325686,0,0,0,0,0,0,0,0,0,0,0,0,0,0,0,0,0,0,0,0,0,4.630039,0,0,0,0,0,0,0,0,0,0,0,0,4.952651,3.746522,0,0,0,0,0,0,0,0,0,0,0,0,0,0,0,0,0,0,0,0,0,3.945083,0,0,0,0,4.068445,0,0,0,0
5.830751,3.395485,0,0,0,0,0,0,0,0,0,0,0,24.185926,0,0,0,0,0,0,0,0,2.957729,0,0,0,2.756427,0,0,0,0,0,0,0,20.379228,0,0,0,0,0,0,0,3.770831,0,0,0,0,0,0,0,0,0,0,0,0,0,0,0,4.083324,0,0,0,0,0,0,0,2.924346,0,0,0,0,0,0,3.395485,0,0,0,0,0,3.770831,0,0,0,3.65523,5.78043,0,0,0,0,0,0,0,0,0,0,0,0,0,0,0,0,0,0,0,0,0,0,0,0,0,0,0,0,0,0,0,0,0,0,0,3.328031,0,0,0,0,0,0,10.617331,0,0,0,0,0,0,0,0,0,0,0,0,0,0,0,0,0,0,0,0,0,0,0,0,0,0,0,0,0,0,0,0,0,3.030868
8.75864,0,0,0,0,0,0,0,0,0,0,0,0,20.36992,3.56165,0,0,0,0,0,0,0,1.836054,3.89706,0,0,1.711093,0,0,0,0,0,0,0,6.385,0,0,0,0,0,0,1.96236,4.585229,0,0,0,0,0,0,0,0,0,0,5.644884,0,0,0,0,0,3.819351,0,0,0,0,0,0,0,0,0,0,0,0,0,6.043149,0,0,0,0,0,0,0,0,0,0,2.340799,0,0,0,0,0,0,0,0,0,0,0,0,0,0,0,0,0,0,0,0,0,0,0,0,0,0,0,0,0,0,0,0,0,0,0,9.730079,0,0,0,0,0,0,4.429952,0,2.42714,0,2.065925,0,0,0,0,0,1.795737,1.815331,0,0,0,0,0,0,0,0,0,0,0,0,0,0,2.028162,0,3.091886,3.747743,0,0,0,0,1.881456
0,0,0,0,0,0,0,0,0,0,0,0,0,0,6.826667,0,0,0,0,0,14.787429,0,0,0,0,0,0,0,0,0,0,0,0,37.995387,0,0,0,0,6.154781,0,0,0,0,0,0,0,0,0,0,0,0,0,0,0,0,0,6.448214,0,0,0,0,0,0,0,0,0,0,0,0,0,0,0,0,0,0,0,0,0,0,0,0,0,0,0,0,0,0,0,0,0,0,0,0,0,0,0,0,0,0,0,0,0,0,0,0,0,0,0,0,0,0,0,0,0,0,0,0,0,0,0,0,0,0,0,0,0,0,0,0,0,0,7.495991,0,0,7.495991,0,0,0,12.363667,0,0,0,0,0,0,0,0,0,0,0,0,0,0,0,0,0,0,0,0,0,0,6.826667
0,0,0,0,8.545217,0,0,0,0,0,0,0,0,0,0,0,0,0,0,0,10.076947,0,0,0,0,0,0,0,0,0,0,0,0,23.053398,0,0,0,0,0,0,0,0,0,0,0,0,0,0,0,0,0,0,0,0,0,0,0,0,0,4.929883,0,0,0,0,0,0,0,0,0,0,0,0,4.713947,5.211706,0,0,0,0,0,0,0,0,0,0,0,4.488557,0,0,5.10817,0,0,0,0,0,0,0,0,0,0,0,0,0,0,0,0,0,0,0,0,0,0,0,0,0,0,5.211706,5.610385,0,0,0,0,0,0,0,10.953425,0,0,0,0,0,0,0,0,0,5.10817,0,0,0,0,0,0,3.88881,0,0,0,0,0,0,4.713947,0,0,0,0,0,0,0,4.852098,0,0,0,0,0
0,0,0,0,0,0,0,0,0,0,0,0,0,0,0,0,0,0,0,0,6.648159,0,0,0,0,0,0,0,12.854361,15.766874,0,0,0,24.004335,0,0,0,0,0,0,0,0,0,0,0,0,0,0,0,0,0,0,0,0,0,0,0,0,0,0,0,0,0,0,0,0,0,0,0,0,0,0,6.013209,0,0,0,0,0,0,0,0,0,0,0,0,0,0,0,0,0,0,0,0,0,0,0,0,0,0,0,0,0,0,0,0,0,0,0,0,0,0,0,0,7.383063,0,0,0,0,0,0,0,0,0,0,0,0,0,0,0,0,0,0,0,0,6.516087,0,0,0,0,0,0,0,16.705071,0,0,0,0,0,0,0,0,7.65539,0,0,0,0,0,0,0,0,0,0
0,0,0,0,0,0,0,0,0,0,0,0,0,0,0,0,0,0,0,0,5.836217,0,0,0,0,0,0,0,27.629161,13.841259,0,0,0,25.815853,0,0,6.481366,0,0,0,0,0,0,0,0,0,0,0,0,0,0,0,0,0,0,0,0,0,0,0,0,0,0,0,0,0,0,0,0,0,0,0,5.278813,0,0,0,0,0,0,0,0,0,0,0,0,0,0,0,0,0,0,0,0,0,0,0,0,0,0,0,0,0,0,0,0,0,0,0,0,0,0,0,0,6.481366,0,0,0,0,0,0,0,0,0,0,0,0,0,0,0,0,0,0,0,0,0,0,0,0,0,5.966071,0,0,0,0,0,0,0,0,0,5.966071,0,0,0,0,0,0,0,0,0,0,0,0
0,0,0,0,0,0,0,0,0,0,0,0,0,0,0,0,0,0,0,0,7.11803,0,0,0,0,0,0,0,0,0,0,0,0,25.700883,0,0,15.484307,0,0,11.709381,0,6.626886,0,0,0,0,0,0,0,0,0,0,0,0,0,0,0,0,0,0,0,0,0,0,0,0,0,0,0,0,0,0,12.223129,0,0,12.009897,0,0,0,7.904874,0,6.001443,0,0,0,0,0,0,0,0,0,0,0,0,0,0,0,0,0,0,0,0,0,0,0,0,0,0,0,0,0,0,0,0,0,0,0,0,0,0,0,0,0,0,0,0,0,0,0,0,0,0,0,0,0,0,0,0,0,0,0,0,0,0,0,0,0,0,0,0,0,0,0,0,0,0,0,0,0,0,0,0
0,0,0,0,0,0,0,0,0,0,0,0,0,0,0,0,0,0,0,0,9.324042,0,0,0,0,0,0,0,0,0,0,0,0,33.666076,0,0,0,0,0,0,0,0,0,0,0,0,0,0,0,0,0,0,0,0,0,0,0,0,0,0,0,0,0,0,0,0,0,0,0,0,0,0,8.433524,0,0,0,0,0,0,0,0,0,0,0,0,0,0,0,0,0,0,0,0,0,0,0,0,8.433524,0,0,0,0,0,0,0,0,0,0,0,0,0,0,0,10.354744,0,9.324042,0,0,0,0,0,0,0,0,0,0,15.287886,0,0,0,0,0,0,0,0,0,0,0,0,0,0,0,0,0,0,0,0,0,0,0,0,10.736683,0,0,0,0,0,0,0,0,0,0
0,0,0,0,0,0,0,0,0,0,0,0,0,0,0,0,0,0,0,0,6.348845,0,0,0,0,0,0,0,0,0,0,0,0,22.923608,0,0,7.050661,0,0,10.444048,0,0,0,0,0,0,0,0,0,0,0,0,0,0,0,0,0,0,0,0,0,0,0,0,0,0,0,0,0,0,0,0,10.90228,0,0,0,7.310728,0,0,7.050661,0,0,0,0,0,0,0,0,0,0,0,0,0,0,0,0,0,0,0,0,0,0,0,0,0,0,0,0,0,0,0,0,0,0,0,0,0,0,0,0,0,0,7.634959,0,6.834512,0,5.530332,0,0,0,0,0,0,0,6.222719,0,0,0,0,0,0,0,0,0,0,0,0,0,0,6.490105,0,0,0,0,0,0,0,0,0,0,0,0
0,0,0,0,0,0,0,0,0,0,0,0,0,0,0,0,0,0,0,0,4.157777,0,0,0,0,0,0,0,0,0,0,0,9.044679,42.045061,0,0,0,0,3.346032,4.617387,0,3.87089,0,0,0,0,0,0,0,4.475834,0,0,0,0,0,0,3.505557,0,0,0,0,0,0,0,0,0,0,0,0,0,0,0,3.760677,0,0,0,0,0,0,0,0,3.505557,0,0,0,0,0,0,0,0,0,0,0,0,0,0,0,7.139762,0,0,0,0,0,0,0,0,0,0,0,0,0,0,0,0,0,4.157777,0,0,0,0,0,0,0,0,0,0,0,0,0,0,0,0,0,0,4.075178,0,0,0,0,0,0,0,0,0,0,0,0,0,3.760677,0,0,0,0,0,0,0,0,0,0,0,0,3.711302
0,0,0,0,0,0,0,0,0,0,0,0,0,0,0,0,0,0,0,0,0,0,0,0,0,0,0,0,5.742296,0,0,0,0,25.400407,0,0,6.377063,0,0,15.560779,0,0,0,0,0,0,0,0,0,0,0,0,0,0,0,0,0,0,0,0,0,0,0,0,0,0,0,0,0,0,0,0,9.86071,0,0,5.26708,6.612284,0,0,0,0,0,0,0,0,0,0,0,0,0,0,0,0,0,0,0,0,0,0,0,0,0,0,0,0,0,0,0,0,0,0,0,0,0,0,11.102855,0,0,0,0,0,0,6.905539,0,0,0,0,0,0,0,0,0,0,0,10.848104,0,0,0,0,0,0,0,0,0,0,0,0,0,0,0,0,0,0,0,0,0,0,0,0,0,0,0
0,0,0,0,0,0,0,0,0,4.532792,0,0,0,0,0,0,0,0,0,0,0,0,0,0,0,0,4.272515,0,5.263067,0,0,0,0,23.280591,0,0,0,0,0,0,0,0,0,0,0,0,0,0,0,0,0,0,0,0,0,0,0,0,0,0,0,0,0,0,0,0,4.532792,0,0,0,0,0,4.760404,0,0,0,6.060449,0,0,0,0,0,0,0,0,0,0,0,0,0,0,0,0,0,0,0,0,0,0,0,0,0,0,0,0,0,0,0,0,0,0,0,0,5.844859,0,10.176256,0,0,0,0,0,0,0,0,5.665676,0,0,0,0,0,0,0,0,0,5.158511,0,0,0,0,0,0,0,6.682788,0,4.697904,0,0,0,0,0,0,6.060449,0,0,0,0,0,0,0,0,0,8.893263
0,0,0,0,0,0,0,0,0,7.496034,0,0,0,0,0,0,0,0,0,0,0,0,0,0,0,0,0,0,8.703716,20.641863,0,0,0,17.279005,0,0,0,0,0,0,0,0,0,0,0,0,0,0,0,0,0,0,0,0,9.665846,0,0,0,0,0,0,0,0,0,0,0,0,0,0,0,0,0,7.872444,14.906435,0,0,10.022374,0,0,0,0,0,0,0,0,0,0,0,0,0,0,0,0,0,0,0,0,0,0,0,0,0,0,0,0,0,0,0,0,0,0,0,0,0,0,8.703716,0,0,0,0,0,0,0,0,0,0,0,0,0,0,0,0,0,0,0,0,0,0,0,0,0,0,0,0,0,0,0,0,0,0,0,0,0,0,0,0,0,0,0,0,0,0
0,0,0,0,0,0,0,0,0,0,0,0,0,0,0,0,15.604602,0,0,0,16.21732,0,0,0,0,0,0,0,0,0,0,0,0,32.195347,0,0,0,0,0,0,0,0,0,0,0,0,0,0,0,0,0,0,0,0,0,0,13.67335,0,0,0,0,0,0,0,0,0,0,0,0,0,0,0,14.66844,0,0,0,0,0,0,0,0,0,0,0,0,0,0,0,0,0,0,0,0,0,0,0,0,0,0,0,0,0,0,0,0,0,0,0,0,0,0,0,0,0,0,0,0,0,0,0,0,0,0,0,0,0,0,0,0,0,0,0,0,0,15.895147,0,0,0,0,0,0,0,0,0,0,0,0,0,0,0,0,0,0,0,0,0,0,0,0,0,0,0
0,0,0,0,0,0,0,0,0,0,0,0,0,0,0,0,0,0,0,0,6.442783,0,0,6.199364,0,0,5.230198,6.199364,6.442783,0,0,0,0,18.026645,0,0,7.154984,0,0,10.59858,0,0,0,0,0,0,0,0,0,0,0,0,0,0,0,0,0,0,0,0,0,0,0,0,0,0,0,0,0,0,0,0,5.827447,0,0,0,0,0,0,0,0,0,0,0,0,0,0,0,0,0,0,0,0,0,0,0,0,0,0,0,0,0,0,0,0,0,0,0,0,0,0,0,0,7.154984,0,12.457262,0,0,0,0,0,0,7.747927,0,0,0,0,0,0,0,0,0,0,0,6.314791,0,0,0,0,0,0,0,0,0,0,0,0,0,0,0,0,0,0,0,0,0,0,0,0,0,0,0
0,0,0,0,0,0,0,0,0,5.264119,0,0,0,0,0,0,0,0,0,0,0,0,0,5.881288,0,0,0,0,0,0,0,0,0,27.036715,0,0,0,0,0,10.05479,0,0,0,0,0,0,0,0,0,0,0,0,0,0,0,0,0,0,0,0,0,0,0,0,0,0,0,0,0,0,0,0,5.528454,0,0,0,7.038251,0,0,6.787877,0,0,0,0,0,0,0,0,0,0,0,0,0,0,0,0,0,0,0,0,0,0,0,0,0,0,0,0,0,0,0,0,0,0,0,0,0,0,0,0,0,0,7.350398,0,0,0,5.324212,0,0,0,0,0,0,0,5.990793,0,0,0,0,0,0,4.560744,7.760998,0,0,0,0,0,0,0,0,7.038251,0,0,0,0,0,0,0,0,0,0
0,0,0,0,0,0,0,0,0,0,0,0,0,0,0,0,0,0,0,0,0,0,0,6.259497,0,0,0,0,0,8.029261,0,0,0,36.987672,0,0,3.759815,0,0,0,3.257654,0,0,0,0,0,0,0,0,3.644552,0,0,0,0,0,0,0,0,0,0,0,0,0,0,0,0,0,0,0,0,0,0,3.062219,0,0,0,0,0,0,0,0,0,0,0,0,0,3.202492,0,0,0,0,0,0,0,0,0,0,0,0,0,0,0,0,0,0,0,0,0,0,0,0,0,0,10.969866,0,9.706568,0,0,0,0,0,0,0,0,0,0,0,0,0,0,0,0,0,0,3.318309,0,0,0,0,0,0,0,0,0,0,0,0,0,0,6.713081,0,3.898498,0,0,0,0,0,0,0,0,0,0
0,0,0,0,0,0,0,0,0,0,0,0,0,0,0,0,0,0,0,0,0,0,0,0,0,0,0,0,0,0,0,0,0,73.359625,0,0,0,0,0,0,0,0,0,0,0,0,0,0,0,0,0,0,0,0,0,0,0,0,0,0,0,0,0,0,0,0,0,0,0,0,0,0,33.423192,0,0,0,0,0,0,0,0,0,0,0,0,0,0,0,0,0,0,0,0,0,0,0,0,0,0,0,0,0,0,0,0,0,0,0,0,0,0,0,0,0,0,0,0,0,0,0,0,0,0,0,0,0,0,0,0,0,0,0,0,0,0,0,0,0,0,0,0,0,0,0,0,0,0,0,0,0,0,0,0,0,0,0,0,0,0,0,0,0
0,0,5.637337,0,2.100695,0,15.232361,0,0,0,0,0,2.076985,0,0,1.799465,0,0,2.596088,0,0,0,0,0,0,0,0,0,0,0,0,0,0,0,0,23.322267,0,0,0,0,0,0,0,0,0,0,0,0,0,0,0,0,0,0,0,0,0,0,0,0,3.39502,0,0,0,0,2.281199,0,0,0,0,0,0,0,0,0,0,0,0,0,0,2.152642,2.033304,0,0,0,0,0,0,0,0,0,0,0,0,21.690824,0,0,0,0,0,0,0,0,0,0,1.924476,0,0,0,0,0,0,0,0,0,0,0,0,0,0,0,2.596088,0,0,0,0,0,0,2.125853,0,0,0,2.281199,0,0,0,0,0,0,0,0,0,0,0,0,0,0,0,0,2.465265,6.597038,0,0,0,0,0,0,0,0,0,2.245206,0
2.565477,0,13.569018,0,0,0,0,0,0,0,0,0,0,0,0,0,0,0,0,0,0,0,0,0,0,0,0,0,0,0,0,0,0,0,0,17.820062,0,0,0,0,0,2.640663,0,0,3.266098,0,0,0,5.484189,0,0,0,0,0,0,0,2.391439,0,0,0,0,2.836373,0,0,0,0,0,6.938872,0,0,0,0,0,0,0,0,0,0,0,0,0,0,0,0,3.149913,0,0,0,0,0,0,0,0,0,18.312015,0,0,0,0,10.052618,0,0,0,0,0,0,0,0,0,0,0,0,0,0,0,0,0,0,0,2.971022,0,0,0,0,0,0,0,0,0,0,2.470699,0,0,5.139537,0,0,0,0,0,0,0,2.116412,0,0,0,0,0,0,0,0,0,0,0,0,0,0,0,0,0,0,0,2.531795
0,0,0,4.14104,11.723703,0,6.382883,0,0,0,0,0,0,0,0,0,0,0,0,0,0,0,0,0,0,0,0,0,0,0,0,0,0,0,0,28.764074,0,0,0,0,0,0,0,0,0,4.330731,0,0,0,0,0,0,0,0,0,0,0,0,0,0,0,0,0,0,0,0,0,0,0,15.98908,0,0,0,0,0,0,0,0,0,0,0,0,0,0,0,0,0,0,0,0,0,0,0,0,23.747815,0,0,0,0,0,0,0,0,0,0,0,0,0,0,0,0,0,0,0,0,0,0,0,0,4.795646,0,0,0,0,0,0,0,0,0,0,0,0,0,0,0,0,0,0,0,0,0,0,0,0,4.086671,0,0,0,0,0,0,0,0,0,0,0,0,0,0,0,0,0
0,4.299412,0,0,0,0,10.991085,0,0,0,0,0,3.702848,0,0,0,0,0,9.036059,0,0,0,0,0,0,0,0,0,0,0,0,0,0,0,0,12.444845,0,0,0,0,0,0,0,0,0,0,8.525101,0,0,0,0,0,0,0,0,0,6.767246,0,0,0,0,0,0,4.002752,0,0,0,0,0,0,0,0,0,0,0,0,0,0,0,0,0,0,0,0,0,3.702848,0,0,0,0,0,0,0,0,14.116599,0,0,0,0,0,0,0,0,0,0,17.190756,0,0,0,7.382979,0,0,0,0,0,0,0,0,0,0,0,0,0,0,0,0,0,0,0,0,0,0,0,0,0,0,0,0,0,0,0,0,0,0,0,0,0,0,0,0,0,0,0,0,0,3.430955,0,0,0,0,0,0
2.8271,0,0,0,0,0,0,9.20013,0,0,0,0,0,0,0,2.33224,0,0,0,0,0,0,0,0,0,0,0,0,3.125622,0,0,0,3.471135,0,0,9.047255,0,0,0,0,0,0,0,0,0,0,0,0,0,0,2.866954,0,0,0,0,0,0,0,0,0,0,0,0,2.909954,0,0,0,7.646487,7.073875,0,0,0,0,0,0,2.866954,0,0,0,0,2.789983,0,0,0,0,9.774825,0,0,0,0,0,0,0,0,14.229338,0,0,0,0,0,0,0,0,0,0,6.675557,0,0,0,2.8271,0,0,0,0,0,0,0,0,0,0,0,0,0,0,0,0,0,0,0,0,5.124832,0,0,0,0,0,0,0,2.691927,0,0,0,0,0,0,0,0,2.8271,2.8271,0,0,0,0,0,0,0,0,0,0,0,2.909954,0
0,0,0,2.270823,2.186931,0,11.366441,4.978162,0,0,0,0,0,0,0,0,0,0,0,0,0,0,0,0,0,0,0,0,0,0,0,0,0,0,0,20.026515,0,0,2.020447,0,0,0,0,0,0,0,0,0,0,0,0,0,0,0,0,0,0,0,0,0,1.941279,0,0,6.590524,2.415751,0,0,0,0,0,0,0,0,0,0,0,0,0,0,0,0,0,0,0,0,0,4.549243,0,0,0,0,0,0,0,14.615706,0,0,0,0,0,0,0,13.724274,0,2.213121,0,0,0,0,0,2.788134,0,0,0,0,0,0,0,0,2.62979,0,5.276531,0,2.302835,0,0,0,0,0,0,0,0,0,0,0,0,0,2.138908,0,0,0,0,0,0,0,0,0,0,0,0,0,0,0,0,0,0,0,0,0,0,0,0
0,0,0,0,2.629865,0,7.992885,3.08627,0,0,0,0,0,0,0,0,0,0,0,0,0,0,0,0,0,0,0,0,0,0,0,0,0,0,0,26.639907,0,0,2.429662,0,0,0,0,0,0,0,0,0,0,0,0,0,0,0,0,0,0,0,0,0,0,0,0,0,2.905029,0,0,0,0,0,0,0,0,0,0,0,0,0,0,0,0,0,0,0,0,0,5.470632,0,0,0,0,0,0,0,19.491697,0,0,0,0,0,0,0,7.160133,0,2.661359,0,0,0,0,0,6.567633,0,0,0,0,0,0,0,0,3.162419,0,6.345223,0,2.769244,0,0,0,0,0,0,0,0,0,0,0,0,0,2.572116,0,0,0,0,0,0,0,0,0,0,0,0,0,0,0,0,0,2.409256,0,0,0,0,0,0
0,0,2.075302,2.203295,3.994027,0,9.501966,0,0,0,0,0,0,0,0,0,0,0,0,0,0,0,0,0,0,0,0,0,0,0,0,0,0,0,0,13.240969,0,0,0,0,0,2.267866,0,0,5.51301,0,0,0,4.709956,0,2.234355,0,0,0,0,0,0,0,0,0,0,0,0,0,0,0,0,5.959274,0,2.343913,0,0,0,0,0,0,0,0,0,0,6.057909,0,0,0,0,0,0,0,0,2.435947,0,0,0,0,15.726807,0,0,0,0,0,0,0,0,0,2.147308,0,0,0,3.498857,0,0,0,0,0,0,0,0,0,0,7.379036,0,5.119621,0,0,0,0,0,0,0,0,6.164004,0,0,0,0,0,0,0,0,0,0,0,0,0,0,0,0,0,0,0,0,0,0,0,0,1.943899,0,0,0,0,0,0
0,5.26284,0,9.037385,0,0,7.337236,5.379937,0,0,0,0,0,0,0,0,0,0,0,9.220812,0,0,0,0,0,0,4.27233,0,0,0,0,0,0,0,0,9.357523,0,0,0,0,0,0,0,0,0,0,0,0,0,0,0,0,0,0,0,5.064001,0,0,0,0,4.069393,0,0,0,0,4.978252,0,0,0,0,0,0,0,0,0,0,0,0,0,0,0,0,0,0,0,0,0,0,0,0,0,0,0,0,10.74848,0,0,0,0,0,0,0,0,0,0,0,5.379937,0,0,0,11.448594,0,0,0,0,0,0,11.060893,0,0,0,0,0,0,0,0,0,0,0,0,4.584338,0,0,0,0,0,0,0,0,0,0,0,0,0,0,0,0,0,0,0,0,0,0,0,0,0,0,0,0,0,0,0
0,0,4.51363,0,9.4227,0,7.492994,0,0,0,0,0,0,0,0,0,0,0,0,0,0,0,0,0,0,0,0,0,0,0,0,0,0,0,0,21.813764,0,0,0,0,0,0,0,2.362566,0,5.128487,0,0,2.830275,0,0,0,0,0,0,0,0,0,0,0,0,0,0,0,0,0,0,0,0,7.74232,0,0,0,0,0,0,0,0,0,0,0,0,0,0,0,0,0,0,0,0,0,0,0,0,20.148015,0,0,0,0,0,0,0,0,0,0,0,0,0,0,0,0,0,0,0,0,0,0,0,0,5.769091,0,0,0,0,0,0,0,0,0,0,4.640576,0,2.677228,0,0,0,0,4.51363,0,0,0,0,0,0,4.782455,0,0,0,0,0,0,0,0,0,0,0,0,0,0,0,0,0
0,0,0,0,0,3.694484,8.469365,8.310319,0,0,0,0,0,0,0,0,0,0,0,0,0,0,0,0,0,0,0,0,0,0,0,0,0,0,0,0,0,0,0,0,4.032746,0,0,3.498505,0,0,0,0,4.191092,0,0,0,0,0,0,0,0,0,0,0,0,0,0,3.901907,0,0,0,0,0,0,0,0,0,0,0,0,0,0,0,0,7.081894,0,0,0,0,0,3.964459,0,0,0,0,0,0,0,13.760946,0,0,0,0,0,0,0,0,0,0,0,0,4.107832,0,0,0,7.451916,0,0,0,0,0,8.808405,0,0,0,8.808405,0,0,0,0,0,0,0,0,0,0,0,0,0,0,0,0,0,4.284343,0,0,0,0,0,0,0,0,0,0,7.748815,0,0,0,0,0,0,0,0,0,3.901907,0
3.525681,0,0,0,0,0,0,0,0,3.357106,0,0,0,0,3.479392,0,0,0,0,0,0,0,0,0,0,0,0,0,0,0,0,0,8.479498,0,0,0,0,0,3.136947,0,0,0,0,0,0,0,0,0,0,0,0,0,0,0,0,7.206863,0,0,0,0,0,0,0,3.629008,0,0,0,9.535945,26.155085,0,0,0,0,0,0,3.575382,0,0,0,0,0,0,0,0,0,3.357106,0,0,0,0,0,0,0,0,7.851582,0,0,0,0,0,0,0,0,0,0,5.717848,0,0,0,0,0,0,0,0,0,7.536805,0,0,0,0,0,0,0,0,0,0,0,0,0,0,3.395429,0,0,0,0,0,0,0,0,0,0,2.90854,0,0,0,0,0,3.525681,0,0,0,0,0,0,0,0,0,0,0,0,0,0
0,0,10.802328,0,0,0,5.709676,2.888317,0,0,0,0,0,0,0,0,0,0,0,0,0,0,0,0,0,0,0,0,0,0,0,0,0,0,0,15.358184,0,0,2.273824,0,0,0,0,0,0,0,0,0,0,0,2.591625,0,0,0,0,0,0,0,3.397816,0,0,0,0,7.417018,0,0,0,0,3.253522,0,0,0,0,0,0,0,0,0,0,0,4.774304,2.38223,2.630495,0,0,2.433407,2.672665,0,2.769321,0,0,0,0,0,12.862819,0,0,0,0,0,0,0,0,0,0,0,0,0,2.218554,0,0,5.023757,0,0,0,0,0,0,0,0,0,3.04159,0,0,0,0,0,0,2.49066,0,0,0,0,0,0,0,0,0,4.678244,0,0,0,0,0,0,0,0,0,0,0,0,0,0,0,0,4.144597,0,0,0,0,0,0
0,0,0,0,8.840427,0,0,10.374657,0,0,0,0,0,0,0,0,0,0,0,0,0,0,0,0,0,0,0,0,0,0,0,0,0,0,0,18.045025,0,0,0,0,0,0,0,0,0,0,0,0,0,0,0,0,0,0,0,0,0,0,0,9.600049,0,0,0,0,0,0,0,0,0,9.765407,0,0,0,0,0,0,0,0,0,0,0,0,0,0,0,0,0,0,0,0,0,0,0,0,7.847408,0,0,0,0,0,0,0,0,0,0,0,0,9.947231,0,0,0,0,0,0,0,0,0,10.925204,0,0,0,0,0,0,0,0,8.840427,0,0,0,0,0,0,0,0,0,0,8.646302,0,0,0,7.572749,0,0,0,0,0,0,0,0,0,0,0,0,0,0,0,0,0,0,0,0
0,0,0,0,0,0,10.862127,0,0,0,0,0,0,0,0,0,0,0,0,2.108709,0,0,2.132781,0,0,0,0,0,0,0,0,0,0,0,0,21.604568,0,0,0,0,0,0,0,0,0,0,0,0,0,0,0,0,0,0,0,0,0,0,0,0,1.893212,0,0,6.427339,0,0,0,2.158323,0,0,0,0,0,0,0,0,0,0,0,0,2.185521,0,0,0,0,3.958161,2.316042,2.355935,0,2.448442,0,0,0,0,18.914801,0,0,2.214596,0,2.316042,0,0,0,0,0,0,2.502919,0,1.922525,0,0,0,0,0,0,0,0,0,0,2.564675,0,2.63574,0,0,0,0,0,0,0,0,0,0,0,2.316042,0,0,4.990781,2.085948,0,0,0,0,0,0,0,0,0,0,0,0,0,0,0,0,0,0,0,0,0,0,2.279499,0
0,0,0,0,0,0,0,0,10.20453,0,0,0,36.132544,0,3.362898,0,0,0,0,0,0,0,0,0,0,0,0,0,3.767459,0,0,0,0,0,0,0,0,25.921615,0,0,0,0,0,0,0,0,0,0,0,0,0,0,0,0,0,0,0,0,0,0,0,0,0,0,3.625118,0,0,0,0,0,0,0,0,0,0,0,0,0,0,0,0,3.176467,0,0,0,3.244706,0,0,0,0,0,0,0,0,0,0,0,0,3.692614,0,0,0,0,0,0,0,0,0,0,0,0,0,0,0,0,0,0,0,0,0,0,0,0,0,0,0,0,0,0,0,0,0,0,0,0,0,0,0,0,0,0,0,0,0,0,0,0,3.407637,0,0,0,0,0,0,0,0,0,0,6.965568,0,0,0
7.928412,0,0,0,0,0,0,0,11.118585,0,0,0,16.38044,0,0,0,0,0,0,0,0,0,0,0,0,0,0,0,0,0,0,0,0,0,0,0,0,0,3.715631,0,0,0,0,0,0,0,0,0,0,4.970229,4.234946,0,0,0,0,0,0,0,0,0,0,0,0,0,0,0,0,0,0,0,0,0,0,0,0,0,0,0,0,0,0,0,0,0,5.127418,0,8.366123,4.4426,0,0,0,0,0,0,0,0,0,0,0,0,0,26.679614,0,0,0,0,0,0,0,0,0,0,0,0,0,0,0,0,0,0,0,0,0,0,0,0,0,0,0,0,0,0,0,0,0,0,0,3.933483,0,0,0,0,0,0,0,0,0,0,4.176077,0,0,0,0,0,0,0,0,0,0,0,0,4.121248
0,0,0,0,0,0,0,0,23.928619,0,0,0,36.240043,0,2.290507,0,0,0,0,0,0,0,0,0,0,0,0,0,0,0,0,0,0,0,0,0,0,0,0,0,0,0,0,0,0,0,0,0,0,0,0,0,0,0,0,0,0,0,0,0,0,0,0,0,0,0,0,0,0,0,0,0,0,0,0,0,0,0,0,0,0,2.163527,0,0,0,0,4.649723,0,0,0,0,0,0,2.083105,0,0,0,0,0,0,0,17.412931,0,0,0,0,0,0,0,2.320979,0,0,0,0,0,0,0,0,0,0,0,0,0,0,0,0,0,0,0,0,0,0,0,0,0,0,0,0,0,0,0,0,0,0,0,0,0,6.491924,0,2.623152,0,0,0,0,0,0,2.389,0,0,0,0,0
0,0,0,0,0,0,0,0,13.922744,0,0,0,12.238703,0,0,0,0,0,0,0,0,0,0,0,0,0,16.541778,0,0,0,0,0,0,0,0,0,0,0,0,0,0,0,0,0,0,0,0,0,0,0,0,0,0,0,0,0,0,0,0,0,0,0,0,0,0,0,0,0,0,0,5.565017,0,0,0,26.585359,0,0,0,0,0,0,0,0,0,0,0,0,4.217173,0,0,0,0,0,0,0,0,0,0,4.295693,0,0,0,0,0,3.863442,0,0,0,3.441359,0,0,0,0,0,0,4.382761,0,0,0,0,0,0,0,0,0,0,0,0,0,0,0,0,0,0,0,0,0,0,0,0,0,0,0,9.252886,0,0,0,0,0,0,0,0,0,0,0,0,0,0,0,0,0,0
0,0,0,0,0,0,0,0,2.474553,0,0,0,25.099401,0,0,0,0,0,0,2.446624,0,0,2.474553,0,0,0,0,0,0,0,0,0,12.229656,0,0,0,0,0,0,0,0,0,0,0,0,0,0,2.569479,0,0,0,0,0,2.687181,0,0,0,0,0,0,0,0,0,0,0,0,0,0,0,0,0,0,0,0,6.17977,0,0,5.632884,10.669244,3.154826,0,0,0,0,0,0,0,5.252286,0,0,0,0,0,2.306136,0,0,0,0,0,0,0,8.361763,0,0,0,0,0,0,0,2.569479,0,0,0,0,0,0,0,0,0,0,0,0,0,0,0,0,2.474553,0,0,0,0,0,0,0,0,0,0,0,0,0,0,0,0,0,0,0,0,4.878237,0,0,0,0,0,0,0,0,2.644783,0,0,0,0,0
0,0,0,0,0,0,0,0,26.631247,0,0,0,10.923543,0,0,0,0,0,0,0,0,0,0,0,0,0,0,0,0,0,0,0,0,0,0,0,0,0,9.952957,0,0,0,0,0,0,0,0,0,0,0,7.709535,0,0,0,0,0,0,0,0,0,0,0,0,0,0,0,0,0,0,0,0,0,0,0,14.921948,0,0,0,0,0,0,3.882857,0,0,0,0,0,0,0,0,0,0,0,3.738524,0,0,0,0,4.513787,0,0,17.979267,0,0,4.05959,0,0,0,0,0,0,0,0,0,0,0,0,0,0,0,0,0,0,0,0,0,0,0,0,0,0,0,0,0,0,0,0,0,0,0,0,0,0,0,0,0,0,0,0,0,0,0,0,0,0,0,0,0,0,0,0,0
3.230588,0,0,0,0,0,0,0,8.60127,3.076122,0,3.741272,18.067661,0,0,0,0,0,0,0,0,0,0,0,0,0,2.899488,3.436769,0,0,0,0,0,0,0,0,0,4.535189,0,0,0,3.325266,0,0,0,0,0,0,0,0,5.979285,0,0,0,0,0,0,0,0,0,0,0,0,0,0,0,0,8.737802,0,0,0,0,0,0,0,0,0,0,4.535189,0,0,0,3.325266,0,0,0,0,0,0,0,0,0,0,0,0,0,0,0,0,0,20.135228,10.513183,0,0,0,0,0,0,0,0,0,0,0,0,0,0,0,0,0,0,0,0,0,0,0,0,0,0,0,0,0,0,0,0,0,0,0,0,0,0,0,0,0,0,0,0,0,0,0,0,0,0,0,0,0,0,0,0,0,0,0,0
0,0,0,0,0,0,0,0,5.831906,0,0,6.127387,16.212839,0,2.683254,0,0,0,0,0,0,0,2.618503,0,0,0,0,0,0,0,0,0,0,0,0,0,0,0,0,0,0,0,0,0,0,0,0,2.718951,0,0,0,0,0,2.8435,0,0,0,0,0,0,0,0,0,0,0,0,0,0,0,0,0,0,0,0,0,0,0,0,0,0,0,0,0,0,0,0,0,0,0,0,0,0,0,2.440289,0,0,0,0,10.55375,0,24.419315,11.735807,0,0,0,0,0,0,0,5.162014,0,0,0,0,0,0,0,0,0,0,0,0,0,2.75728,0,0,0,0,0,0,0,0,0,0,0,0,0,0,0,0,0,0,0,2.379266,0,0,0,0,0,0,0,0,0,2.892479,0,0,2.798635,0,0,0,0,0
0,0,0,0,0,0,0,0,15.520148,0,0,0,22.865038,0,0,0,0,0,0,0,0,0,0,0,0,0,0,0,0,0,0,0,0,0,0,0,0,0,0,0,0,0,0,0,7.42123,0,0,0,0,0,0,0,0,0,0,0,0,0,0,0,0,0,0,0,0,0,0,0,0,0,40.226497,0,0,0,0,0,0,0,0,0,0,0,0,0,0,0,0,0,0,0,0,0,0,0,0,0,0,5.829279,0,0,0,0,0,0,0,0,0,0,0,0,0,0,0,0,0,0,0,0,0,0,0,0,0,0,0,0,0,0,0,0,0,0,0,0,0,0,0,0,0,6.588203,0,0,0,0,0,0,0,0,0,0,0,0,0,0,0,5.142994,0,0,0,0,0,0
0,0,0,0,0,0,0,0,23.471422,0,0,0,31.358751,0,0,0,0,4.484524,0,0,0,0,0,0,0,0,0,0,0,0,0,0,0,0,0,0,0,0,0,0,4.119528,0,0,0,0,0,0,0,0,0,0,0,0,0,0,0,0,0,0,0,0,0,0,0,0,0,6.921138,0,0,0,0,0,0,0,0,0,0,0,0,0,0,0,0,0,0,0,0,0,0,0,0,0,0,3.475509,0,0,0,0,0,0,0,4.376539,0,0,0,0,0,0,0,0,0,0,0,0,0,0,0,0,0,0,0,0,0,0,0,0,0,0,0,0,0,0,0,0,0,0,0,0,3.687234,0,0,0,0,0,0,0,0,14.310766,0,0,0,0,3.926975,4.119528,0,0,0,0,0,0,0,0
0,0,0,0,0,0,0,0,20.671914,0,0,0,36.938948,0,0,0,0,8.991608,0,0,0,0,0,0,0,0,6.968502,0,0,0,0,0,0,0,0,0,0,0,0,0,0,0,0,0,0,0,0,0,0,0,0,0,0,0,0,0,0,0,0,0,0,0,0,0,0,0,0,0,0,0,0,0,0,0,0,0,0,0,0,0,0,0,0,0,0,0,0,8.259779,0,0,0,0,0,0,0,0,0,0,0,0,0,17.021009,0,0,0,0,0,0,0,0,0,0,0,0,0,0,0,0,0,0,0,0,0,0,0,0,0,0,0,0,0,0,0,0,0,0,0,0,0,0,0,0,0,6.794247,0,0,0,0,0,0,0,0,0,0,0,0,0,0,0,0,0,0
0,0,0,0,0,0,0,0,11.592507,0,0,0,25.083962,0,0,0,0,0,0,0,0,0,0,0,0,0,0,0,0,0,0,0,0,0,0,0,0,0,0,0,0,0,0,0,0,0,0,0,0,0,0,0,0,6.687917,0,0,0,0,0,0,0,0,0,0,6.803115,0,0,0,0,0,0,0,0,7.07024,7.851802,0,0,0,0,0,0,0,0,0,0,0,0,0,0,0,0,0,0,0,0,0,0,0,0,0,0,0,0,0,0,0,0,0,0,6.394978,0,0,0,0,0,0,0,0,0,0,0,0,0,0,0,0,0,26.903863,0,0,0,0,0,0,0,0,0,0,0,0,0,0,0,0,0,0,0,0,0,0,0,0,0,0,0,0,6.582394,0,0,0,0,0
0,0,0,0,0,0,0,0,12.702642,0,0,0,18.719194,0,0,0,0,0,0,0,0,0,2.804633,0,0,0,0,0,0,0,0,0,0,0,0,0,0,22.153032,0,0,0,2.99757,0,0,0,0,0,0,0,0,2.953275,0,0,3.045624,0,0,0,0,0,0,0,0,0,0,0,0,0,0,0,0,0,0,0,0,0,0,0,0,0,0,0,0,0,0,0,0,0,0,0,0,0,0,0,2.613751,0,0,0,0,0,0,0,15.662905,0,0,2.838221,0,0,0,0,2.912222,0,0,0,0,0,0,0,0,0,0,0,0,0,2.953275,0,0,0,0,0,0,0,0,0,0,0,0,0,0,0,0,0,0,0,0,0,0,0,0,0,0,0,0,0,3.098084,0,0,8.452031,0,0,0,0,0
0,0,0,0,0,0,4.169521,0,0,0,0,0,0,0,0,0,0,0,0,0,0,0,0,0,0,0,0,0,0,0,0,0,0,0,0,0,0,0,0,0,0,0,0,4.534752,0,0,0,0,0,0,0,0,0,0,0,0,0,0,0,0,0,0,6.532963,0,0,0,0,0,0,5.227233,0,0,9.328694,0,0,0,0,0,0,0,0,0,0,0,0,0,0,0,0,0,0,0,0,0,0,0,0,4.913637,0,0,0,0,0,0,0,0,0,0,0,0,0,0,0,0,0,0,28.125563,0,0,0,0,0,0,0,0,0,0,0,0,0,0,0,0,0,0,5.553352,0,8.663543,0,5.553352,0,4.053545,0,4.299765,0,0,0,0,0,0,0,0,0,0,0,0,0,5.13872,0,6.033001,5.05764,0
0,0,0,0,0,2.763552,0,0,0,5.068094,3.283852,0,0,0,0,0,3.016578,0,0,0,0,0,2.730848,0,0,0,0,0,0,0,0,0,0,0,0,0,0,0,6.77544,0,5.796276,0,0,2.616955,0,0,0,0,0,0,0,0,0,0,0,0,4.934508,0,0,0,8.392104,0,0,0,0,0,5.068094,0,0,0,0,22.626099,0,0,0,0,0,0,0,0,2.798376,0,0,0,0,0,0,0,0,6.061639,0,0,0,0,0,0,0,0,0,0,0,0,0,0,0,0,0,0,2.461632,0,0,2.918708,0,0,0,0,0,0,0,0,0,0,0,2.875579,0,0,0,0,0,0,0,0,0,0,0,0,0,5.914552,2.700025,0,0,0,0,0,0,0,0,0,0,0,3.016578,0,0,0,0,4.598704,0,0,0,0,0,0
0,0,0,0,0,3.235157,0,0,0,5.932974,3.844247,0,0,0,0,0,3.531363,0,0,0,0,0,3.196872,0,0,0,0,0,0,0,0,0,0,0,0,0,0,0,5.442594,0,6.785421,0,0,3.063543,0,0,0,0,0,0,0,0,0,0,0,0,5.776592,0,0,0,9.824233,0,0,0,0,0,5.932974,0,0,0,0,15.799477,0,0,0,0,0,0,0,0,0,0,0,0,0,0,0,0,0,3.670023,0,0,0,0,0,0,0,0,0,0,0,0,0,0,0,0,0,0,2.881714,0,0,3.416791,0,0,0,0,0,0,0,0,0,0,0,3.366302,0,0,0,0,0,0,0,0,0,0,0,0,0,9.650041,3.16079,0,0,2.738455,0,0,0,0,0,0,0,0,3.531363,0,0,0,0,2.928699,0,0,0,0,0,0
0,0,0,0,0,0,0,0,0,0,0,0,0,0,0,0,0,0,0,0,0,0,0,0,0,3.629069,0,0,0,0,0,0,0,0,0,0,0,0,0,0,0,0,0,2.892064,0,0,0,0,0,0,0,0,0,0,0,0,0,0,0,0,2.678935,0,0,0,0,0,0,0,0,0,0,0,0,0,0,0,0,0,0,0,0,0,0,0,0,0,0,0,0,0,28.072164,0,0,0,0,0,0,0,0,0,0,0,0,3.395769,0,0,0,6.54517,0,0,0,0,0,0,19.395658,0,3.729628,0,0,0,0,0,0,3.177876,0,0,0,0,0,0,0,0,0,0,0,0,3.629069,2.95166,2.983867,0,0,2.585172,0,0,0,0,0,0,0,0,0,0,0,0,2.812531,0,0,6.277884,0,9.820903,0,0
0,8.056365,0,0,3.629498,0,0,0,0,0,0,0,0,0,0,0,4.009255,0,0,3.588533,0,0,0,0,0,0,0,4.009255,0,0,0,0,0,0,0,0,0,0,0,0,4.009255,0,0,3.478126,0,0,0,0,0,0,0,0,0,0,0,0,0,0,0,0,0,0,0,0,0,0,3.588533,0,0,0,0,0,0,0,0,0,0,0,0,0,0,0,0,0,0,0,0,0,0,11.946051,0,0,9.429986,0,0,0,0,7.15505,0,0,0,0,0,0,0,0,0,0,0,0,0,0,0,0,4.797952,0,0,0,0,0,0,0,0,3.821856,0,0,0,0,0,0,0,7.871514,3.941366,0,0,0,0,22.120307,0,0,0,0,0,0,0,0,0,0,0,0,0,0,0,0,0,0,0,0,0,0,0,0
0,0,0,0,3.48983,0,0,0,0,0,0,0,0,0,0,0,0,0,0,0,0,0,0,0,0,12.774587,0,2.048022,0,0,0,0,0,0,0,0,0,0,0,0,0,0,0,0,0,0,0,0,0,0,0,0,0,0,0,0,0,0,0,0,10.647782,0,0,0,0,0,0,0,0,0,0,11.42935,0,0,0,0,0,0,0,0,0,6.461332,0,0,0,0,0,0,0,4.115382,0,0,2.450907,1.727848,0,0,0,0,0,0,0,0,0,0,0,0,0,0,0,0,0,1.981576,0,0,21.380126,0,0,0,0,0,0,0,0,5.482536,0,0,3.48983,0,0,0,0,0,2.013343,0,0,0,0,3.394363,0,4.22038,0,0,0,1.684642,0,0,0,0,0,0,0,0,0,0,1.727848,3.122162,0,0,0,0,0,0
0,0,0,0,0,0,0,0,0,0,0,0,0,0,0,0,4.409623,0,0,0,0,0,0,0,0,0,6.872841,0,0,0,0,0,0,0,0,0,0,0,0,0,0,0,0,0,0,0,0,0,0,0,0,0,0,0,0,0,3.863881,0,0,0,14.201871,0,0,0,0,0,0,0,0,0,0,0,0,0,0,0,0,0,0,0,0,0,0,0,0,0,0,0,0,0,0,0,30.750048,0,0,0,0,0,0,0,0,0,0,0,0,0,0,0,9.566454,0,0,0,0,0,0,0,0,0,0,0,0,0,0,0,0,0,0,0,0,0,0,4.491727,0,0,0,0,4.800323,0,0,0,0,0,0,13.990563,4.090657,0,0,0,7.86956,0,0,0,0,0,0,0,0,0,0,0,0,0
0,0,0,0,0,0,0,0,0,0,0,0,0,0,0,0,4.618348,0,0,0,0,0,0,0,6.094412,0,0,4.618348,0,0,0,0,0,0,0,0,0,0,0,0,0,0,0,4.006529,0,0,0,0,0,0,0,0,0,0,0,0,7.554678,0,0,0,3.71127,0,0,0,0,0,0,0,0,12.506551,0,5.330257,0,0,0,0,0,0,0,0,0,4.046774,0,0,0,0,0,0,0,0,0,0,5.526866,0,0,0,0,4.341281,0,0,0,0,0,0,0,0,0,0,11.720214,0,0,8.534023,0,0,0,0,0,0,0,0,0,0,0,0,0,0,0,0,0,0,0,0,0,0,0,4.90648,0,0,0,0,0,0,0,3.798915,0,0,0,0,0,0,8.874034,0,0,0,3.896348,3.830179,0,0,0,0,0,0
0,0,0,0,0,4.159727,0,0,0,0,9.618714,0,0,0,0,0,4.540586,0,0,0,0,0,0,0,0,0,0,0,0,0,0,0,0,0,0,0,0,0,0,0,0,0,0,0,0,0,0,0,0,0,0,0,0,0,0,0,0,0,0,0,3.648781,0,0,0,0,0,4.064107,0,0,8.111939,0,0,0,0,0,0,0,0,0,0,0,0,0,0,0,0,0,0,0,0,0,0,0,0,0,0,0,0,0,0,0,0,0,0,0,0,0,8.914695,3.705275,0,0,0,0,0,5.433806,0,0,0,0,0,0,0,0,0,0,0,0,0,0,0,0,0,0,0,0,17.744502,0,28.557089,0,0,0,3.521073,0,0,0,0,0,0,0,0,0,0,0,0,3.830742,0,0,0,0,0,0,0
0,0,2.498854,0,0,0,0,0,0,0,0,0,0,0,0,0,0,0,0,0,0,0,0,0,0,0,0,0,0,0,0,0,0,0,0,0,0,0,0,0,0,0,0,0,0,0,8.633459,0,0,0,0,0,0,0,0,0,4.616684,0,0,0,0,0,0,0,0,0,0,0,0,0,0,0,0,0,0,0,0,0,0,0,0,0,0,0,0,0,0,2.822285,0,0,0,0,0,2.381069,0,0,0,0,0,2.774495,0,0,33.178442,0,0,0,0,0,0,0,0,0,0,0,0,0,0,0,0,0,0,0,0,0,0,0,0,0,0,0,0,0,12.935762,2.774495,0,11.029424,0,0,0,0,0,0,0,0,0,0,0,7.420519,0,0,0,0,0,0,4.398815,0,0,5.314812,0,0,2.730719,0
0,0,0,0,0,0,0,0,0,0,0,0,0,0,0,0,0,0,0,0,0,0,0,0,19.964134,5.568006,0,0,0,0,0,0,0,0,0,0,0,0,0,0,0,0,0,0,0,0,0,0,0,0,0,0,0,0,0,0,8.366813,0,0,0,10.856355,0,0,0,0,0,0,0,0,0,0,0,0,0,0,0,0,0,0,0,0,0,0,0,0,0,0,0,0,0,0,0,15.534862,0,0,0,0,0,0,5.028215,0,0,0,0,0,0,0,0,4.173874,0,0,0,0,0,0,0,0,0,0,0,0,0,0,0,0,0,0,0,0,0,0,0,5.028215,0,0,14.882376,0,0,0,0,0,3.966377,0,4.207302,4.744848,0,0,0,0,0,0,0,0,0,0,4.241927,0,0,0,0,0,0
0,0,0,0,0,0,0,0,0,0,0,0,0,0,0,0,7.348484,0,0,0,0,0,0,0,19.867685,0,3.22652,0,0,0,0,0,0,0,0,0,0,0,3.198591,0,0,0,0,0,0,3.759641,0,0,0,0,6.941762,0,0,0,0,0,3.351086,0,0,0,3.073259,0,0,0,0,0,0,0,0,0,0,0,0,0,0,0,0,0,0,0,0,0,0,0,0,0,0,0,0,0,0,0,0,3.22652,0,0,0,0,0,0,0,0,0,0,0,0,0,0,0,0,0,0,0,0,0,0,0,0,0,0,0,0,0,0,0,0,12.626028,0,0,0,0,0,0,3.759641,0,7.880979,0,0,0,0,0,0,0,0,13.052525,0,0,0,0,0,0,0,0,0,11.429095,3.171726,0,0,0,0,0,0
0,0,0,0,0,0,0,0,0,0,0,0,0,0,0,0,5.130234,0,0,0,0,0,0,0,0,8.40545,0,0,0,0,0,0,0,0,0,0,0,0,0,0,0,0,0,0,0,0,0,2.50977,0,0,0,0,0,0,0,0,0,0,0,2.624737,2.14555,0,0,0,0,0,2.389769,0,0,0,0,6.036165,0,0,0,0,0,0,0,0,0,0,0,0,0,0,0,0,0,0,15.006505,0,0,2.252546,0,0,0,0,0,0,0,0,0,2.71966,0,0,0,0,2.17877,0,0,0,0,0,9.364547,0,0,0,0,0,0,0,0,0,0,0,4.549591,0,0,0,0,7.303463,12.237532,0,0,0,5.65598,0,0,2.836522,0,6.659594,0,0,0,0,0,0,2.50977,0,0,0,0,0,2.252546,0,0,0,0,0,0,0
0,0,0,0,0,0,0,0,0,0,0,0,0,2.507735,0,0,9.756718,0,0,0,0,0,0,0,0,13.497545,0,0,0,0,0,0,0,0,0,0,0,0,0,0,0,0,0,4.186336,0,0,0,4.625456,0,0,0,0,0,0,0,0,0,0,0,2.547937,3.791994,0,0,0,0,0,0,0,0,0,0,5.859545,0,0,0,0,0,0,0,0,0,0,0,0,0,0,2.547937,0,0,0,0,0,0,0,0,0,0,0,0,0,0,0,0,0,2.374425,0,0,0,0,0,0,4.789307,0,0,0,0,0,0,0,0,0,0,0,0,0,0,0,0,0,0,0,0,0,0,0,15.303735,8.159505,0,0,0,0,0,0,2.131957,11.074372,0,0,0,0,0,4.980122,0,0,0,5.8926,0,0,0,0,0,0,0
0,0,0,0,0,0,0,0,0,0,0,0,0,0,0,2.833893,3.654435,0,0,0,0,0,0,0,0,0,0,0,0,0,0,0,0,0,0,0,0,0,0,0,0,0,0,0,0,0,3.88243,0,0,0,0,0,0,0,0,0,3.202156,0,0,0,0,0,0,0,0,0,3.270947,0,0,0,0,0,0,0,0,0,0,0,0,0,0,0,0,0,0,0,0,0,0,0,0,0,0,8.308482,0,0,0,0,0,0,0,0,16.32151,0,0,0,0,0,10.401094,0,0,0,0,0,0,0,0,0,0,0,0,0,0,0,0,0,0,0,0,0,0,3.722477,3.592554,0,0,6.984844,0,0,3.270947,0,0,0,0,0,6.532359,0,0,0,0,0,0,0,0,0,8.308482,8.111435,0,13.460538,0,0,0,0
0,0,0,0,0,0,0,0,0,0,0,0,0,0,0,0,0,0,0,3.661294,0,0,0,0,0,0,0,0,0,0,0,0,0,0,0,0,0,0,0,0,0,0,0,0,0,0,0,0,0,0,0,0,0,0,0,0,6.691303,0,0,0,0,0,0,0,0,0,3.661294,0,0,11.077258,0,0,0,0,0,0,0,0,0,0,0,0,0,0,0,0,0,0,0,4.251163,0,0,0,3.451059,0,0,0,3.845144,0,7.703151,0,0,0,0,0,0,0,0,3.338028,0,0,0,0,0,0,0,0,0,0,0,0,0,0,0,0,0,0,0,0,0,0,0,0,4.021281,0,24.153124,0,22.568821,0,0,0,0,0,0,0,0,0,0,0,0,0,0,3.899349,0,3.451059,0,0,0,0,0,0,0
0,0,0,0,0,0,0,0,0,0,0,0,0,0,0,2.906564,0,0,0,0,0,0,0,0,0,0,0,0,0,0,0,0,0,0,0,0,0,0,0,0,0,0,0,0,0,0,0,0,0,0,0,6.765902,8.815848,0,0,0,0,8.473738,0,0,0,0,0,0,0,0,0,0,0,0,0,0,0,0,0,3.572954,0,0,0,0,0,3.284271,0,0,0,0,0,0,3.817935,0,0,4.684412,0,0,0,0,14.271156,0,0,0,0,0,0,0,0,0,11.465702,0,0,0,0,0,4.946088,0,0,0,0,0,0,0,0,0,0,0,0,3.817935,0,0,0,0,0,0,0,0,0,0,0,3.318614,0,0,10.432036,0,0,0,0,0,0,0,0,0,0,0,0,0,0,0,0,0,7.201967,0,6.926021,0
0,0,0,0,0,0,0,0,0,0,0,0,0,0,0,0,0,0,0,0,0,0,0,0,0,0,0,0,0,0,0,0,0,0,0,0,0,0,5.071199,0,0,0,0,0,0,0,0,0,0,0,0,0,0,0,0,0,0,0,0,0,0,0,0,0,0,0,0,0,0,0,0,0,0,0,0,0,0,0,0,0,0,0,0,0,0,0,0,0,0,0,0,0,0,0,0,0,0,0,0,0,0,0,0,6.176282,5.554798,0,0,0,21.360488,0,0,0,50.893923,0,0,0,0,0,0,0,0,0,0,0,0,0,0,0,0,0,0,6.176282,0,0,0,0,0,0,0,0,0,4.701955,0,0,0,0,0,0,0,0,0,0,0,0,5.115479,0,0,0,0,0,0,0
0,0,0,0,0,0,0,0,0,0,0,0,0,0,0,19.677299,0,0,0,0,0,0,0,0,0,0,0,0,0,0,0,22.534952,0,0,0,0,0,0,0,0,0,0,0,0,0,0,0,5.00171,0,0,0,0,0,0,6.141137,0,0,0,32.508553,0,0,0,0,0,0,0,0,0,0,0,0,0,0,0,0,0,0,0,0,0,0,0,5.148294,0,0,0,0,0,0,0,0,0,0,0,0,0,0,0,0,0,0,0,0,0,0,0,0,0,4.34206,0,0,0,0,0,0,0,0,0,0,0,0,0,0,0,0,0,0,0,0,0,0,0,0,0,0,0,0,4.711154,0,0,0,0,0,0,0,0,0,0,0,0,0,0,0,0,0,4.412855,0,0,0,0,0,0
0,0,0,0,0,0,5.121162,0,0,0,0,0,0,0,0,4.978717,0,6.989131,0,0,0,0,0,0,0,0,0,0,0,0,0,15.824311,0,0,0,0,0,0,0,0,0,6.211984,0,0,0,0,0,0,0,0,0,0,0,0,0,0,0,0,0,0,0,0,0,0,0,0,0,0,0,0,0,0,0,0,0,6.12019,0,0,0,0,0,0,0,0,0,0,0,0,0,0,0,0,0,0,0,0,12.613129,0,0,0,0,0,0,0,0,0,6.820836,0,0,6.035114,0,0,0,0,0,0,0,0,0,0,0,0,0,0,0,0,0,0,0,0,0,0,0,6.311569,0,0,0,0,0,0,0,12.948669,0,0,0,0,0,0,11.457852,0,0,0,0,0,0,0,0,0,6.420284,0,0,0
0,0,0,0,0,3.540164,5.598983,0,0,3.458786,0,0,0,0,0,2.996634,0,0,0,0,0,0,0,0,0,0,0,0,0,0,0,4.829574,0,0,0,0,0,0,0,0,0,0,0,0,0,0,0,0,0,0,0,0,0,0,0,0,0,0,0,0,0,0,0,0,0,0,0,0,0,0,0,0,0,0,0,7.014179,0,0,0,0,0,0,0,0,0,0,0,0,0,0,0,0,0,0,5.653697,0,0,0,0,0,0,0,0,3.936246,0,11.263464,0,0,0,0,0,0,0,0,0,0,0,0,0,18.940267,0,0,0,0,0,18.643176,0,0,0,0,3.49827,3.936246,0,0,0,0,0,0,3.458786,0,0,0,0,0,0,0,0,0,0,0,0,0,3.683674,0,0,5.891031,0,0,0,0,0,0
0,0,0,0,0,0,14.621614,0,4.001356,0,0,0,0,0,0,8.115336,0,0,0,0,0,0,0,0,0,0,0,0,0,0,0,0,0,0,0,0,0,0,0,0,0,0,0,7.139255,0,0,0,0,0,0,0,0,0,0,0,0,0,0,0,0,0,0,0,0,0,0,0,0,0,4.420021,0,0,0,0,0,0,0,0,0,0,0,0,0,0,0,0,0,0,0,8.881776,0,0,0,3.729025,0,0,20.902262,0,0,0,0,0,0,0,0,0,0,0,3.60689,4.154852,0,0,0,0,0,0,0,0,0,0,0,0,0,0,0,8.677986,0,0,4.049275,0,0,4.502318,0,0,0,0,0,0,3.956194,0,0,3.427579,0,3.635777,0,0,0,0,0,0,0,0,0,0,0,0,0,0,0,0,0,0
0,0,0,0,0,5.166108,0,0,0,0,6.328521,0,0,0,0,5.485033,0,0,0,0,0,0,0,0,0,27.863353,0,0,0,0,0,0,0,0,0,0,0,0,2.498575,0,0,0,0,13.759915,0,0,0,0,0,0,0,0,0,0,0,0,0,0,0,0,0,0,0,0,0,0,0,0,0,2.987425,0,0,0,0,0,0,0,0,0,0,0,0,0,0,0,0,0,0,0,0,0,0,0,0,0,0,5.869021,2.808202,0,0,0,0,0,0,0,0,0,11.509862,0,0,0,0,0,0,0,0,6.525195,0,0,0,0,0,0,0,0,0,0,0,0,0,0,0,0,0,0,0,0,0,0,0,0,2.316649,0,0,2.771332,0,0,2.808202,0,0,0,0,0,0,0,0,0,0,0,5.49482,0,0
0,0,0,0,0,2.641709,0,0,0,0,9.078,0,0,0,0,5.294368,0,0,0,9.37197,0,0,0,0,0,0,0,0,0,0,9.078,0,0,0,0,0,0,0,0,0,0,0,0,0,0,0,0,2.710586,0,0,0,0,0,0,0,0,0,6.51914,0,0,6.120476,0,0,0,0,0,0,0,0,0,0,0,0,0,0,0,0,0,0,0,0,0,0,0,0,0,0,0,0,0,0,0,0,0,0,0,16.169293,0,0,0,0,0,0,0,0,8.404917,0,0,0,0,0,0,7.530177,0,0,0,0,0,0,0,0,0,0,0,0,16.635904,0,0,0,0,0,0,0,0,0,0,0,0,0,0,0,4.025915,0,0,0,0,0,0,0,0,0,0,0,0,0,0,0,0,0,0,0,0
0,0,0,0,0,4.048591,0,0,0,0,0,0,0,0,0,8.113964,0,0,0,0,0,0,0,0,0,0,0,0,0,0,4.810828,0,0,0,0,0,0,0,0,0,0,0,0,0,0,0,0,0,0,0,0,4.275894,0,0,0,0,0,0,0,0,0,0,0,0,0,4.344441,0,0,0,0,0,0,0,0,0,0,0,0,0,0,7.760674,0,4.275894,0,0,0,0,0,0,0,0,0,0,10.047369,0,0,12.563762,0,0,0,0,0,0,0,0,0,0,0,3.60628,0,0,4.275894,0,0,0,0,0,0,0,0,0,0,0,0,0,17.145683,0,0,0,0,0,0,0,0,0,0,0,0,0,4.694986,0,0,0,0,4.099609,0,0,0,4.154149,0,8.491518,0,0,0,0,0,0,0,0,0,0,0
0,0,0,0,0,5.044007,0,0,0,0,0,0,0,0,0,7.693174,0,0,0,2.610734,0,0,0,0,0,0,0,0,0,0,0,0,0,0,0,0,0,0,0,0,0,0,0,6.892127,0,0,0,0,0,0,0,0,0,0,0,0,0,0,0,0,0,0,0,0,0,0,0,0,0,0,0,0,0,0,0,0,0,0,0,0,0,0,0,0,0,0,0,0,0,0,0,0,0,0,0,0,2.916818,2.74183,0,2.867427,0,0,0,0,0,0,0,2.971127,8.301721,0,0,2.822184,0,0,0,0,0,0,0,0,0,0,0,0,0,27.849931,0,0,0,0,0,8.482261,0,0,0,0,0,0,0,0,0,4.072322,0,2.399287,2.705832,0,0,2.74183,0,0,0,0,0,0,2.460823,2.419033,0,0,2.916818,0,2.822184,2.705832
0,0,0,2.461354,0,0,10.614878,0,2.370423,0,0,0,2.343669,0,0,2.030515,0,0,0,0,0,0,0,0,0,0,2.209093,0,0,0,8.243302,0,3.02207,0,0,0,0,0,4.035585,0,0,0,0,0,0,0,5.395849,2.461354,0,0,0,4.838492,0,0,0,0,0,20.407983,0,0,0,0,0,0,0,2.574104,0,0,0,0,0,0,0,0,0,0,0,0,0,0,0,0,0,0,0,0,0,0,0,0,0,0,0,0,0,0,2.618442,0,0,0,0,0,0,0,0,0,0,0,5.680577,0,0,0,0,0,0,0,0,0,0,0,0,0,0,0,0,5.140881,0,0,0,0,0,0,4.930942,0,0,0,0,0,0,0,0,3.655743,0,2.153852,0,0,0,0,2.461354,0,0,0,2.496052,0,0,3.991754,0,0,0,0,0,0
0,0,0,0,0,0,0,0,0,0,0,0,0,0,0,0,0,0,0,0,0,0,0,0,0,0,0,0,0,0,14.37953,6.104249,0,0,0,0,0,0,8.760408,0,0,0,0,0,0,0,5.188924,0,0,0,0,0,0,0,0,0,0,0,0,0,3.924911,0,0,0,0,0,0,0,0,0,0,0,0,0,0,0,0,0,0,0,0,0,0,0,0,0,4.8015,0,0,0,0,0,0,0,0,0,32.098719,4.591188,0,0,0,0,0,4.975145,0,0,0,0,0,0,0,0,0,0,0,0,0,0,0,0,0,0,0,0,0,4.975145,0,0,0,0,0,0,4.8015,0,0,0,0,0,4.371668,0,0,6.819093,0,0,0,0,0,0,0,0,0,0,0,0,0,0,0,0,0,0,0,0
0,0,0,0,0,0,8.559767,0,0,0,0,0,0,0,0,3.160641,0,0,0,0,0,0,0,0,0,0,0,0,0,0,12.831287,0,0,0,0,0,0,0,0,0,0,0,0,0,0,0,8.399024,0,0,0,0,11.119361,0,0,0,0,0,0,0,0,3.275275,0,0,0,0,0,0,0,0,0,0,0,0,0,0,0,0,0,0,0,0,0,3.943556,0,0,0,0,0,0,0,0,0,0,0,0,0,0,0,0,7.675364,0,0,0,4.151679,0,6.21345,0,0,3.325987,0,0,0,0,0,0,0,0,0,0,0,0,0,0,0,0,8.002148,0,0,0,0,0,0,0,0,0,0,0,3.60871,0,0,0,5.690425,0,0,0,0,0,0,3.831274,0,4.075792,0,0,0,0,0,0,0,0,9.214469,0,0
0,0,3.80999,0,0,3.942184,0,0,0,0,0,0,0,0,0,0,0,0,0,0,0,0,0,0,0,0,3.630403,0,4.472087,0,9.115678,0,0,0,0,0,0,0,0,0,12.233556,0,0,0,0,0,0,0,0,0,0,15.343752,0,0,0,0,0,0,0,0,0,0,0,0,8.26834,4.230259,0,0,0,0,0,0,0,0,0,0,0,0,0,0,0,0,0,0,0,0,8.103467,0,0,0,0,0,0,0,0,0,16.198771,0,0,0,0,0,0,0,0,0,0,0,0,0,0,0,0,0,0,0,0,0,0,0,0,0,0,0,0,0,0,0,0,0,0,0,0,0,0,0,0,0,0,0,0,0,0,0,0,0,0,0,0,0,0,0,7.810706,0,0,0,0,7.729883,0,0,0,0
0,0,0,0,0,3.294826,0,0,0,0,0,0,0,0,3.336346,0,0,0,0,0,0,0,0,0,0,0,0,0,0,0,22.433228,0,0,0,0,0,0,0,0,0,0,0,0,3.120047,0,0,0,0,3.737713,0,0,3.47981,0,0,0,0,0,0,0,0,0,0,0,0,0,6.772773,0,0,0,0,0,0,0,0,0,0,0,0,0,0,3.336346,0,0,0,0,0,0,0,0,3.737713,0,0,0,0,0,0,10.224648,0,0,0,0,0,0,0,0,2.982716,0,0,0,0,0,0,0,0,0,0,0,0,0,0,0,0,0,0,0,17.351179,0,0,0,0,0,0,3.535596,6.772773,0,0,0,3.184341,0,0,0,0,0,0,0,0,0,0,0,0,0,0,0,0,3.034244,5.482774,0,0,0,0,0,0
0,0,0,0,0,0,2.35776,0,0,0,0,0,0,0,0,4.126844,0,0,0,0,0,0,0,0,0,0,2.49377,0,0,0,3.217765,0,0,0,0,0,0,0,0,0,0,0,0,0,0,0,9.042099,0,0,0,0,2.859969,0,0,0,0,0,0,0,0,2.375315,3.071933,0,0,0,8.226928,0,0,0,0,0,0,0,0,0,0,0,0,0,0,0,2.590047,0,0,0,0,0,0,0,0,0,0,0,0,0,0,8.403383,0,0,0,0,0,0,0,0,0,0,0,2.412092,0,0,2.859969,0,0,0,0,0,0,0,0,0,0,0,0,0,11.388286,0,0,0,0,0,8.595826,0,2.905818,0,0,0,0,0,0,0,0,0,2.43141,2.742059,0,0,0,0,0,5.679626,0,0,0,4.60702,0,0,0,13.850896,0,0,0
0,0,0,0,0,0,0,0,0,0,0,0,0,0,0,4.341178,0,0,0,0,0,18.48195,0,0,0,0,4.722972,0,0,0,0,0,0,0,0,0,0,0,4.68209,0,0,0,0,0,0,5.503354,0,0,0,0,0,0,0,0,0,0,0,18.851274,0,0,0,0,0,0,0,0,0,0,0,0,0,0,0,0,0,0,0,0,0,0,0,0,0,0,0,5.010691,0,0,0,0,0,0,0,0,0,0,0,0,5.702381,0,0,0,0,0,5.128583,0,0,0,4.568282,0,0,0,0,0,0,0,0,0,0,0,0,0,0,0,0,0,0,0,0,0,0,0,0,0,0,0,0,0,0,0,0,20.912718,0,4.604869,0,0,0,0,0,0,0,0,0,0,0,0,0,0,5.598148,0,0,0
0,0,0,0,0,0,0,0,0,0,0,0,0,0,0,0,0,0,0,0,0,8.619936,0,0,0,0,0,0,0,0,0,0,0,0,0,0,0,0,0,0,0,0,0,8.260434,0,0,0,0,0,0,0,0,0,0,0,0,8.343407,0,0,0,0,0,0,0,0,0,0,0,0,0,0,0,0,0,0,0,0,0,0,0,0,8.343407,0,0,0,0,0,0,0,0,0,0,0,0,0,0,0,0,0,0,0,0,0,0,24.208792,0,0,0,0,0,0,0,0,0,0,0,0,0,0,0,0,0,0,0,0,0,0,0,0,0,0,0,0,0,0,0,20.170947,0,0,0,0,0,0,20.891854,0,0,0,0,0,0,0,0,0,0,0,0,0,0,0,0,9.212919,0
30.86014,0,0,0,0,0,0,0,0,0,0,0,7.655914,0,0,6.632954,0,0,0,0,0,7.743311,0,0,0,0,0,0,0,0,0,0,0,0,0,0,0,0,0,0,0,0,0,0,0,0,0,0,8.889354,0,0,0,0,0,0,0,0,0,0,0,6.873527,0,0,0,0,0,0,0,0,0,0,0,0,0,0,0,0,0,0,0,0,0,0,0,0,7.655914,0,0,0,0,0,0,0,7.216304,0,0,0,0,0,0,0,0,0,0,0,0,0,0,0,0,0,0,0,0,0,0,0,0,0,0,0,0,0,0,0,0,0,0,0,0,0,0,0,0,0,0,18.119613,0,7.655914,0,0,0,0,0,0,0,0,0,0,0,0,0,0,0,0,0,0,0,0,0,0,0
0,2.885435,0,0,0,0,2.21462,0,0,0,0,3.022413,4.664607,0,0,0,0,0,0,0,0,14.314229,0,0,0,0,0,0,0,0,0,0,0,0,0,0,0,0,0,0,0,0,0,6.560378,0,0,0,0,0,0,0,0,0,10.226502,0,0,0,0,0,0,9.554939,0,0,0,0,0,0,0,0,0,0,0,0,0,0,0,0,0,0,0,2.575588,0,0,0,0,2.485067,0,0,2.828113,0,0,0,0,0,0,0,0,0,0,0,0,0,0,0,0,13.882546,0,2.828113,0,0,14.565486,2.68634,0,0,0,0,0,0,0,0,0,0,0,0,0,0,0,0,0,0,0,0,0,0,0,0,0,0,0,0,0,2.15302,0,0,0,0,0,0,0,0,0,0,0,0,0,2.302594,0,0,5.334815,0,0,0
0,0,0,18.042937,0,2.412227,0,2.797362,0,0,8.289407,0,0,0,0,0,0,0,0,0,0,13.575263,0,0,0,0,0,0,0,0,0,0,0,0,0,0,0,0,0,0,0,0,0,0,0,0,0,0,0,0,6.850409,0,0,0,0,0,0,0,0,0,3.852364,0,0,11.819241,0,0,0,0,6.193165,0,0,0,0,0,0,0,0,0,0,0,0,0,0,0,0,0,0,0,0,0,0,0,0,0,0,0,0,0,2.682113,0,0,0,0,0,0,0,0,2.682113,2.14869,4.699095,0,2.547659,0,0,0,0,0,0,0,0,0,0,0,0,0,0,0,0,0,0,0,0,0,0,0,0,0,0,2.356777,0,0,3.67619,0,0,0,0,0,0,2.475121,0,5.059408,0,0,0,0,0,2.547659,0,0,0,0,0
0,8.490792,0,7.679856,0,7.484707,0,0,0,0,8.89387,0,0,0,0,0,0,0,0,13.726251,0,22.544983,0,0,0,0,0,0,0,0,0,0,0,0,0,0,0,0,0,0,0,0,0,7.08767,0,0,0,0,0,0,0,0,0,0,0,0,0,0,0,0,6.565347,0,0,0,0,0,0,0,0,0,0,0,0,0,0,0,0,0,0,0,0,0,0,0,0,0,0,0,0,0,0,0,0,0,6.565347,0,0,0,0,0,0,0,0,0,0,0,0,0,0,0,0,0,0,0,0,0,0,0,0,0,0,0,0,0,0,0,7.396133,0,0,0,7.396133,0,0,0,0,0,0,0,0,0,0,0,0,0,0,0,0,0,0,0,0,0,0,0,0,6.775701,0,0,0,0,0,0
0,0,2.497575,0,0,0,9.33146,0,0,0,0,0,13.596886,0,0,0,0,0,0,0,0,10.037131,0,0,0,0,0,0,0,0,0,0,0,0,0,0,0,0,2.35925,0,0,0,0,0,0,0,2.996829,0,0,0,0,0,13.152807,0,0,0,0,0,0,0,2.266807,0,0,0,0,0,2.524828,0,0,0,0,0,0,0,0,0,0,0,0,0,2.616798,0,2.729321,0,0,0,0,0,0,0,0,0,0,0,0,0,0,0,0,0,0,0,0,0,0,18.026409,0,0,0,0,11.676899,0,0,0,0,0,0,0,0,0,0,0,0,0,0,0,0,3.155861,0,0,0,0,0,0,0,0,0,0,0,0,0,2.187468,0,0,0,0,0,0,0,0,0,0,0,0,0,0,0,0,5.420172,0,0,0
0,0,0,0,0,0,0,0,0,0,0,0,0,0,0,0,0,13.381323,0,0,0,15.809066,5.71843,0,0,0,0,0,0,0,0,0,0,0,0,0,0,0,5.283106,0,0,0,0,14.925809,0,0,0,0,0,0,0,0,0,0,0,0,0,0,0,11.895452,0,0,0,0,0,0,0,0,0,0,0,0,0,0,0,0,0,0,0,0,0,0,0,0,0,0,0,0,0,0,0,0,0,0,0,0,0,11.273089,0,0,0,0,0,0,0,0,0,0,0,0,0,0,0,0,0,0,0,0,0,0,0,0,0,0,0,0,10.763748,0,5.786913,0,0,0,0,0,0,0,0,0,0,0,6.209792,0,0,0,5.859836,0,0,0,0,0,0,0,0,0,0,0,0,0,0,0,0,0
0,0,0,0,17.186222,0,0,0,0,0,0,0,0,0,0,4.744435,0,0,0,11.044619,0,12.091571,0,0,0,0,2.866967,0,0,0,0,0,0,0,0,0,0,0,0,0,0,0,0,0,0,0,0,0,0,0,0,0,23.697147,0,0,0,0,0,0,0,0,0,0,0,0,0,0,0,0,0,0,0,0,0,0,0,0,0,0,0,0,10.721095,0,0,0,0,3.340679,0,0,0,0,0,0,0,0,0,0,0,6.671851,0,0,0,0,0,0,0,0,0,0,0,0,0,0,0,0,0,0,0,0,0,0,0,0,0,0,0,0,0,0,0,0,0,0,0,0,0,0,0,0,0,0,8.962887,0,2.795275,0,0,0,0,0,0,0,0,0,0,0,0,0,0,0,0,0,0
0,0,0,0,0,0,0,0,0,0,0,0,0,0,0,0,0,0,0,0,0,0,0,0,0,0,0,0,0,0,0,0,0,0,0,0,0,0,0,0,0,4.546358,0,0,0,0,0,0,0,0,4.479177,0,0,0,0,0,0,0,0,0,0,0,0,0,0,0,0,0,0,0,0,0,0,0,0,4.479177,0,0,0,0,0,0,4.546358,0,0,0,0,0,0,0,0,0,0,0,16.033745,0,0,0,0,0,0,0,0,0,4.304676,20.228483,0,0,0,0,0,0,0,0,0,0,0,18.489063,4.253735,0,0,0,0,0,0,0,0,0,0,0,11.759796,0,0,0,0,0,0,0,4.205724,4.991958,0,0,0,3.865097,0,0,0,0,0,0,0,0,0,0,0,0,0,0,0,0,0,0
0,0,1.927532,0,5.793597,0,5.989834,0,0,0,0,0,3.657563,0,2.019544,1.688204,0,0,0,0,0,14.701578,0,0,0,0,1.836677,0,0,0,0,0,0,0,0,0,0,0,0,0,2.177016,0,0,5.144055,0,2.140153,0,0,0,0,0,0,0,0,0,0,0,0,0,0,6.056448,0,0,0,0,0,0,0,0,0,0,0,0,0,0,0,0,0,0,0,12.840597,0,2.106385,0,0,1.948565,0,0,0,0,0,0,0,0,0,0,0,0,2.217551,0,0,0,0,0,0,1.805486,0,0,3.249724,0,12.149225,0,0,0,0,0,0,0,0,0,0,0,0,0,0,0,3.709636,0,1.994411,0,0,0,2.140153,0,0,0,0,0,0,0,0,1.688204,0,1.790748,0,0,0,0,0,0,0,0,0,0,0,3.318811,0,0,2.177016,0,0,0
0,0,0,0,0,0,0,0,0,0,4.032363,0,0,0,0,0,0,0,0,0,0,16.138782,0,0,0,23.104836,0,0,0,0,0,0,0,0,0,0,0,0,0,0,0,0,0,5.983002,0,0,0,0,0,0,0,0,0,0,0,0,0,0,0,0,0,0,0,0,0,0,0,0,0,0,0,0,0,0,0,0,0,0,0,0,0,0,0,0,0,0,0,0,13.515349,0,0,0,0,0,0,0,0,0,0,0,0,0,0,0,0,0,0,3.773136,0,0,0,6.844753,0,0,0,0,4.144096,0,0,0,0,0,0,0,0,0,0,0,0,0,0,0,0,0,0,0,0,0,0,7.633215,0,0,0,0,0,0,0,0,0,0,0,0,0,0,0,3.072013,0,0,0,15.011438,0,0
0,0,0,0,0,4.420154,0,9.94263,0,11.893747,0,0,0,0,4.475854,6.736233,0,0,0,0,0,8.221555,0,0,0,0,0,0,0,0,0,0,0,0,0,0,0,0,0,0,0,0,0,0,0,0,0,0,0,0,0,0,0,0,0,4.824856,0,0,0,0,0,0,0,0,0,0,11.893747,4.420154,0,0,0,0,0,0,0,0,0,0,0,0,0,4.227724,0,0,0,4.318547,0,0,0,5.014305,0,0,0,0,7.059054,0,0,0,0,0,0,0,0,0,0,0,0,0,0,0,0,0,0,0,0,0,0,0,0,0,0,0,0,0,0,0,4.367846,0,0,0,0,0,0,0,0,0,0,0,4.318547,0,0,3.741516,0,0,0,0,0,4.5354,0,0,0,0,0,4.824856,0,0,0,0,0,0,0,0
0,0,0,27.778912,0,2.979387,0,0,0,0,0,0,0,0,0,2.521954,0,0,0,0,0,14.169484,0,0,0,0,2.743753,0,0,0,0,0,0,0,0,0,0,0,0,0,0,0,0,0,0,0,0,0,0,0,0,0,0,0,0,0,0,0,0,0,0,3.379872,0,17.461042,0,0,0,0,0,0,0,0,0,0,0,3.100164,0,0,0,0,3.016932,2.84968,0,0,0,0,0,0,0,0,0,0,0,0,0,0,0,3.057068,0,0,0,0,0,0,0,0,0,0,0,0,0,0,0,0,0,0,0,0,0,0,0,0,0,0,0,0,0,0,5.623935,0,0,0,0,3.197106,0,0,0,0,0,0,0,4.540531,0,0,0,0,0,0,0,0,0,0,0,0,0,0,6.009537,0,0,0,0,3.016932
0,0,0,0,0,0,5.547282,0,0,0,0,0,0,0,0,5.392983,0,0,0,6.22471,0,0,0,0,0,0,0,0,0,0,0,0,0,0,0,0,0,0,0,0,0,0,0,0,0,6.836738,0,0,0,0,0,0,0,0,8.026522,0,0,0,0,0,0,0,0,0,0,0,0,0,21.260037,0,0,0,0,0,0,0,0,0,0,0,0,0,0,0,0,6.22471,0,0,0,0,0,0,0,0,0,0,0,0,7.083987,0,0,0,0,0,0,5.767642,0,0,0,0,0,0,0,0,0,0,0,0,0,0,0,0,0,0,0,0,0,0,0,0,0,0,0,0,0,0,0,0,0,0,0,18.342651,0,5.720563,0,0,0,0,6.537281,0,0,0,6.629436,0,0,0,0,0,0,0,0,0
0,10.568094,5.454827,2.11066,0,0,0,0,0,0,0,0,0,0,0,1.741207,0,0,0,0,0,2.032685,0,0,0,0,0,0,0,0,0,0,0,0,0,0,0,0,0,0,0,0,0,1.94791,0,0,0,0,0,0,0,0,0,0,0,0,1.967476,0,0,2.207345,1.804359,2.333531,0,0,0,0,0,2.057028,0,0,0,0,0,0,0,4.075619,0,0,0,0,0,1.967476,0,0,0,2.009742,0,0,2.287173,0,0,0,0,0,9.142613,0,0,2.11066,0,0,0,0,0,0,2.057028,9.666359,0,2.287173,0,0,0,2.172517,0,0,0,0,0,2.512039,13.465476,0,0,0,0,0,0,0,0,2.512039,2.057028,0,7.412942,0,0,0,0,0,0,0,0,0,4.228381,0,0,0,0,0,0,0,2.11066,0,0,0,0,0,0,0,0,0,0,0,0,0
0,0,0,0,0,0,0,0,0,3.630348,0,0,0,0,0,3.145272,0,0,0,0,0,0,0,0,0,0,0,0,0,0,0,0,0,0,0,0,0,0,0,0,0,0,0,0,0,0,0,0,0,0,0,0,0,0,4.681193,4.055973,0,0,0,0,3.259349,4.215231,5.06913,0,0,0,0,3.715763,0,0,0,0,0,0,0,0,0,0,0,0,0,0,7.494836,0,0,0,0,0,0,0,0,0,0,15.020894,3.259349,0,0,0,0,0,0,0,0,0,0,6.183237,0,0,0,3.812644,0,0,0,0,0,0,0,0,21.08411,0,0,0,0,0,0,0,0,0,3.715763,0,3.671791,0,0,0,0,0,0,0,0,0,0,0,0,0,0,0,0,0,0,0,4.055973,0,0,0,0,0,0,0,0,0,3.92438,3.762587
0,0,0,0,0,0,0,0,0,0,0,0,0,0,0,0,0,16.581876,0,9.783725,0,3.592963,0,0,0,4.320548,0,0,7.97527,0,0,0,0,0,0,3.84013,0,0,0,0,0,0,0,12.345559,0,0,0,0,4.124737,0,3.783386,0,0,0,0,0,0,0,0,7.474065,0,0,0,0,0,0,0,0,0,0,0,0,0,0,0,0,0,0,0,0,3.681811,0,0,0,0,0,0,3.968898,4.042795,0,0,0,0,0,0,0,0,3.730793,0,0,0,0,0,0,0,0,0,0,0,0,0,0,0,0,0,0,0,0,6.763002,0,0,0,0,0,0,0,3.592963,0,0,0,0,0,0,0,0,0,0,0,0,0,0,0,0,3.264696,0,0,0,0,0,0,0,0,0,0,0,0,0,0,0,0,0,3.681811
0,0,8.856424,0,0,0,2.907896,0,0,3.263005,0,0,0,0,0,2.827012,0,0,0,0,0,0,0,0,0,0,0,3.645562,0,0,0,0,0,0,0,0,0,0,0,0,0,0,0,0,0,6.865174,0,0,0,0,0,0,0,0,4.207519,3.645562,0,0,0,0,0,7.325546,0,0,0,0,0,0,0,0,0,0,0,0,0,0,0,0,0,0,0,0,3.527285,0,0,6.124838,0,0,0,0,0,0,0,3.07564,0,0,0,0,0,0,0,0,0,0,0,5.557576,0,0,0,0,0,0,0,0,0,0,0,0,27.686031,0,0,0,0,3.475163,0,0,0,0,0,0,0,0,0,0,0,0,0,0,0,0,6.678714,0,0,0,0,0,0,0,0,3.873004,0,0,0,0,3.07564,0,0,0,0,0,0,0
0,0,3.635044,0,0,0,0,0,0,3.674709,0,0,0,0,0,0,0,0,0,0,0,0,0,0,0,0,0,0,0,0,0,0,0,0,0,0,0,0,0,0,0,3.972334,0,0,0,0,0,7.326873,0,0,0,0,0,0,0,0,0,0,0,4.036015,3.299176,20.199114,0,0,0,4.036015,0,0,0,0,0,0,0,0,0,3.913635,0,0,0,0,0,0,0,0,0,0,0,0,0,0,0,0,0,0,0,0,0,0,0,0,0,0,0,0,0,0,0,0,0,7.326873,0,0,0,0,0,0,0,0,24.620916,0,0,0,0,0,0,0,0,0,0,0,0,0,0,0,0,0,0,0,0,0,0,0,0,9.007939,0,0,0,0,3.859232,0,0,0,3.913635,0,3.463703,0,0,0,0,0,0,0
0,8.313966,11.245352,0,0,0,3.69227,0,0,0,0,0,0,0,0,3.58957,0,0,0,0,0,7.887671,0,4.628915,0,0,0,0,0,0,0,0,0,0,0,0,0,0,0,0,0,0,0,0,0,0,0,0,4.81067,0,4.412552,0,0,0,0,0,0,0,0,0,3.719761,0,0,0,0,4.550533,0,0,0,0,0,0,0,0,0,8.402057,0,0,0,0,0,0,0,0,0,4.143167,0,0,0,0,0,0,0,0,3.719761,0,0,0,0,0,0,0,0,0,4.240648,10.274405,0,0,0,0,0,0,0,0,0,0,0,0,9.273599,0,0,0,0,0,0,0,0,0,0,0,0,0,0,0,0,0,0,0,0,0,4.550533,0,0,3.807607,0,0,0,0,0,0,0,0,0,0,0,0,0,0,0,0,0,4.294086
0,0,3.573992,2.027034,0,1.975527,0,0,0,8.701377,0,0,0,0,0,0,0,0,0,0,0,0,0,0,0,0,1.819286,0,0,0,0,0,0,0,0,0,0,0,1.803538,0,0,0,0,0,0,2.119888,0,0,4.333166,2.41251,0,0,0,0,0,4.143471,0,0,0,0,0,0,0,0,0,0,0,5.48254,0,0,0,0,0,0,0,2.055609,0,0,0,0,0,0,0,0,0,0,0,0,0,0,0,0,0,23.402873,4.577024,0,0,0,0,0,0,0,0,0,0,16.778351,0,0,0,2.027034,0,0,0,0,0,0,0,0,4.320152,0,0,0,0,0,0,0,0,0,0,0,1.952148,0,0,0,0,0,0,0,0,0,0,0,0,1.773792,0,0,0,2.027034,0,0,0,0,2.055609,0,1.819286,0,2.08644,2.119888,0,0,0,0
0,0,0,0,0,8.256618,0,0,0,0,0,0,0,0,0,0,0,0,0,0,0,0,0,0,0,0,0,0,0,0,0,0,0,0,0,0,0,0,0,0,0,0,0,0,0,0,0,8.538541,0,0,5.894632,0,0,0,0,0,0,0,0,17.6417,0,0,0,0,0,0,2.906722,2.975112,0,0,0,0,0,0,0,0,0,0,0,0,0,0,0,0,0,2.906722,0,0,0,0,0,0,0,0,0,0,0,0,0,3.192518,0,0,0,9.443926,0,0,0,0,0,0,0,0,0,0,0,0,0,0,27.25688,0,0,0,0,0,0,0,0,0,0,0,0,0,0,0,0,0,0,0,0,0,0,2.518335,0,0,0,0,0,0,0,0,0,0,3.095715,0,9.705073,0,0,0,0,0,0,0
0,0,8.63506,0,0,0,3.656258,0,0,0,0,0,0,0,0,0,0,0,0,0,0,0,4.149592,0,0,0,0,0,0,0,0,0,0,0,0,0,0,0,0,0,0,0,0,0,0,0,0,4.308775,0,0,0,0,0,0,0,0,0,5.290346,0,0,0,12.679941,0,0,8.807588,0,0,0,0,0,0,0,0,0,0,0,0,0,0,0,0,0,0,0,0,4.102757,0,4.583767,0,0,0,0,0,0,0,0,0,0,0,0,0,0,0,0,0,6.987847,0,0,0,0,0,0,0,0,0,0,0,0,16.505444,0,0,0,0,4.369515,0,0,0,0,7.926637,0,0,0,0,0,0,0,0,0,0,0,0,0,0,0,0,0,0,0,0,0,0,0,0,0,10.421351,0,4.435051,0,0,0,0,0
0,0,0,0,6.71323,0,0,0,0,0,0,0,0,0,0,0,0,0,0,6.63746,0,0,0,0,0,0,0,7.415641,0,0,0,0,0,0,8.072678,0,0,0,0,0,0,0,0,0,0,0,0,0,0,0,0,0,0,0,0,0,0,0,0,0,0,0,0,0,0,0,0,0,0,0,0,0,0,0,0,0,0,0,0,0,0,6.497869,0,0,0,6.63746,0,0,0,0,0,0,0,0,0,0,0,0,14.559394,0,9.785743,0,0,0,0,0,0,0,0,6.970756,0,0,0,0,0,0,0,0,14.856544,0,0,0,0,0,0,0,0,0,0,0,0,0,0,0,0,0,0,0,0,0,0,19.558921,0,0,0,0,0,0,0,0,0,0,0,0,0,0,0,0,0,0,0,0
0,0,0,0,0,0,0,0,0,0,0,0,0,0,0,0,0,0,0,0,0,0,4.25778,4.703275,0,0,0,0,0,0,0,0,0,0,0,0,0,0,3.93365,0,0,0,0,0,0,0,0,0,0,0,0,0,0,0,0,4.703275,0,0,0,13.090394,0,0,0,0,0,0,0,0,0,0,0,0,0,0,0,0,0,0,0,0,0,0,0,0,0,0,0,4.703275,0,0,0,0,0,0,0,0,0,0,4.790846,0,0,0,0,0,0,16.978298,0,0,0,0,0,0,0,0,0,0,0,0,9.422572,0,0,0,0,0,5.261863,0,0,0,4.30877,0,0,0,0,0,0,0,0,0,0,0,0,3.647233,0,3.868773,0,0,0,0,4.421112,0,0,0,0,0,10.693055,0,4.550681,0,4.703275,0,0,0
0,0,7.31276,0,0,0,0,0,3.994299,0,0,0,0,0,4.09307,10.839626,0,0,0,0,0,0,0,0,0,0,0,0,0,0,0,0,0,0,0,0,0,0,3.690227,0,0,0,0,0,0,0,0,7.843099,0,0,0,0,0,0,0,7.818892,0,0,0,8.308922,3.545631,4.585472,0,0,0,0,0,0,0,0,0,0,0,0,0,0,0,0,0,0,0,3.866161,0,0,0,0,0,0,4.494377,0,0,0,0,3.722448,0,0,0,0,0,0,0,0,0,0,0,6.726335,0,0,0,0,0,0,0,0,0,0,0,0,8.839481,0,0,0,0,0,4.936247,0,0,0,4.042134,0,0,0,0,0,0,0,0,0,0,0,0,0,0,3.629364,0,0,0,0,0,0,0,0,0,0,3.722448,3.659233,0,0,0,0,0,0
0,0,2.087342,0,0,0,1.880477,0,0,3.960807,0,0,0,0,0,4.754715,0,0,0,2.110119,0,0,0,0,0,0,0,0,0,0,0,0,0,0,0,0,0,0,3.633433,0,0,0,0,0,0,0,0,4.207292,0,0,0,0,0,0,0,6.702279,0,0,0,0,0,0,0,0,0,0,2.110119,2.159766,0,0,0,0,0,0,0,0,0,0,0,0,0,7.437741,0,0,0,0,0,2.357511,0,0,0,0,0,5.35988,3.449179,0,0,0,0,0,0,0,0,0,0,10.149144,0,0,0,0,0,0,0,0,0,0,0,2.637502,14.138007,0,0,0,0,2.247317,0,0,0,0,4.322338,0,2.134207,0,0,0,0,0,0,0,0,0,0,0,0,3.555912,0,0,0,0,0,0,0,0,0,0,10.416271,0,0,4.234895,0,0,0,0
0,0,0,0,0,0,4.854401,0,0,2.998818,0,0,0,0,0,4.677671,0,0,0,0,0,0,0,0,0,0,2.826623,0,0,0,0,0,0,0,0,0,0,0,2.802156,0,0,0,0,0,0,3.293669,0,3.149402,0,0,3.193799,0,0,0,0,3.350402,0,0,0,0,0,0,0,0,0,0,2.998818,0,0,0,0,0,0,0,0,0,0,0,0,0,3.108053,0,0,0,0,0,0,0,0,0,0,0,0,2.826623,11.432583,0,0,0,0,0,0,0,0,0,0,5.10761,0,0,2.734044,0,0,0,0,0,0,0,0,0,9.388251,0,0,0,0,0,0,0,0,0,0,0,11.486897,0,0,0,0,0,0,0,0,0,3.293669,0,0,0,0,0,0,0,0,0,0,0,0,0,20.832544,0,0,3.293669,0,0,0,0
0,0,5.220337,0,0,0,0,0,14.440628,2.480327,0,0,0,0,0,2.148913,0,0,0,0,0,0,0,0,0,0,0,0,0,0,0,0,0,0,0,0,0,0,0,0,2.771122,0,0,0,0,0,0,0,0,0,0,0,0,0,0,0,2.428164,0,0,0,2.226853,0,0,0,0,0,0,4.792058,0,0,0,0,0,0,0,5.029932,0,0,0,0,0,0,0,0,0,2.480327,0,0,0,0,0,0,0,0,4.054318,0,0,0,0,0,0,0,0,0,0,11.929754,0,0,0,2.604875,0,0,0,0,0,0,0,0,5.551685,0,0,0,0,0,6.052742,0,0,0,14.094164,0,2.508641,0,0,0,0,0,0,0,0,0,12.701261,0,0,2.279442,0,0,0,0,0,0,0,0,0,0,0,0,0,0,0,0,0,0
0,0,5.390419,0,0,0,0,0,0,0,0,0,0,0,0,2.522098,0,0,0,11.028406,0,0,0,0,0,0,0,0,0,0,0,0,0,0,0,0,0,0,2.720159,0,0,0,0,0,0,0,0,5.804273,0,0,0,0,0,0,0,6.249328,0,0,0,0,0,0,0,0,0,0,0,0,0,0,0,0,0,0,0,0,0,0,0,0,0,0,0,0,0,0,0,3.252362,0,0,0,0,0,2.74391,4.7584,0,0,0,0,0,0,0,0,0,0,7.218988,0,0,2.65404,0,0,0,0,0,0,0,0,7.103874,14.308983,0,0,0,0,0,0,0,0,0,0,0,5.542024,0,0,0,0,0,0,0,0,0,0,0,0,0,0,0,0,3.057244,0,0,0,0,0,3.252362,15.572492,0,0,3.197289,0,0,0,0
0,4.265638,0,0,0,0,0,0,3.715699,3.673761,0,0,0,0,0,0,0,0,0,0,0,0,3.715699,0,0,0,0,0,0,0,0,0,0,0,0,0,0,0,0,0,4.104475,0,0,0,0,0,0,0,0,0,0,0,0,4.034973,0,4.104475,0,0,0,0,0,4.265638,0,0,0,0,3.673761,3.760197,0,0,0,0,0,0,0,0,0,0,0,0,0,3.596498,0,0,0,0,0,0,0,0,0,0,0,0,6.005093,0,0,0,0,0,0,0,0,0,0,14.816698,0,0,0,3.858236,0,0,0,0,0,0,0,0,8.222932,0,0,0,0,7.450133,0,0,0,0,10.43541,0,0,0,0,0,0,0,0,0,3.673761,0,0,0,0,0,0,0,0,0,0,0,0,0,0,0,0,3.404003,3.971309,0,0,0,3.971309,0
0,0,0,0,0,0,0,0,0,0,0,0,0,0,0,3.994396,5.150957,0,11.250824,0,0,4.663057,0,9.897428,0,0,0,0,0,0,0,0,0,0,0,0,0,0,0,0,0,0,0,0,0,0,0,0,0,0,0,0,0,0,0,0,0,0,0,0,0,0,0,4.983838,0,0,0,0,0,0,0,0,0,0,0,0,0,5.472317,50.140132,0,0,0,0,0,0,0,0,0,0,0,0,0,0,0,0,0,0,0,0,0,0,0,0,0,0,0,0,0,0,0,0,0,0,0,0,0,0,0,0,0,0,0,0,0,0,0,0,0,0,0,0,0,0,0,0,0,0,0,0,0,0,0,0,4.237022,0,4.778366,0,0,0,0,0,0,0,0,0,0,0,0,0,0,0,0
0,0,0,0,2.717599,0,0,0,0,0,0,0,0,0,0,0,0,0,0,0,0,0,0,0,0,0,2.53264,0,0,0,0,0,0,0,0,0,0,0,0,0,5.768155,0,0,0,0,0,0,0,0,0,0,0,0,0,0,0,0,0,0,0,0,0,38.748111,5.547146,0,0,0,0,0,0,0,0,0,0,0,0,0,0,0,0,0,2.630418,0,0,0,0,5.653137,0,0,0,0,0,0,0,0,0,0,0,0,2.951111,0,0,0,0,2.750144,0,0,0,0,0,0,0,0,0,0,0,0,0,0,0,0,0,0,0,0,0,0,0,5.191213,0,0,0,0,0,0,0,0,0,0,0,2.951111,0,0,0,0,13.398449,0,0,0,3.18923,0,0,0,3.001943,2.53264,2.48963,0,0,0,0,0,2.7848
0,0,0,0,0,0,7.892523,0,0,0,0,0,0,0,0,0,0,0,39.312224,8.85635,0,0,0,0,0,0,0,0,0,0,0,0,0,0,0,0,0,0,0,0,0,0,0,0,0,0,0,0,0,0,0,9.573651,0,0,0,0,0,0,0,0,0,0,0,0,0,0,0,0,0,0,0,0,0,0,0,0,0,10.511989,0,0,0,0,0,0,0,0,0,0,0,0,0,12.366303,0,0,0,0,0,0,0,0,0,0,0,0,0,0,0,0,0,0,0,0,0,0,0,0,0,0,0,0,0,0,0,0,0,0,0,0,0,0,0,0,0,0,0,0,0,0,0,0,0,0,0,0,0,17.376011,0,0,0,0,0,0,0,0,0,0,0,0,0,0,0,0
0,0,0,0,0,0,8.585246,0,0,0,0,6.450346,0,0,0,0,0,0,0,5.303558,0,0,0,0,0,0,9.235254,0,0,0,0,0,0,0,0,0,0,0,0,0,0,0,0,0,0,11.158377,0,0,0,0,0,5.733108,0,0,0,0,0,0,0,0,0,0,0,0,0,0,0,0,0,0,0,0,0,0,0,0,0,6.295024,0,0,0,0,0,0,0,0,0,0,0,0,0,14.60443,0,0,0,0,0,0,0,0,0,0,0,6.035675,0,0,6.295024,0,0,0,0,0,0,0,0,0,0,0,0,0,0,0,0,0,0,0,0,0,5.42834,0,0,0,0,5.825016,0,0,0,0,0,0,0,0,0,4.874016,0,11.720129,0,0,0,0,0,0,0,0,0,0,0,0,0,0,0,0
0,0,0,4.873178,0,0,0,0,0,0,0,0,0,0,0,0,0,0,0,0,0,0,0,0,0,0,0,0,0,0,0,0,0,0,0,0,0,0,0,0,0,5.015995,0,0,0,0,0,0,0,0,0,5.015995,0,0,0,0,0,0,0,0,0,0,0,5.015995,9.961288,0,4.640174,0,0,0,0,0,0,0,0,0,0,0,0,0,0,0,0,0,0,0,0,0,0,0,0,0,0,0,0,0,0,0,0,0,0,0,0,0,0,0,0,0,7.738661,0,0,0,0,0,0,0,0,0,0,0,0,0,0,0,0,0,0,0,0,0,0,0,0,0,0,0,5.643519,16.596444,4.640174,0,0,4.020168,0,0,0,27.433134,5.983325,0,0,0,0,0,0,0,0,0,0,0,0,0,0,0
0,0,0,0,0,0,0,0,0,0,0,6.388921,0,0,0,0,0,6.388921,0,5.253054,0,0,0,0,0,0,0,0,0,0,0,0,0,0,0,0,0,0,0,0,0,0,0,0,7.023456,0,0,0,0,0,0,5.678513,0,0,0,0,5.142577,0,0,0,0,0,0,0,0,5.769546,0,0,0,0,0,0,0,0,0,0,0,6.235079,0,0,0,0,0,0,0,0,0,0,0,0,0,0,0,0,0,0,0,0,0,5.769546,0,0,0,0,0,0,17.953227,0,0,0,0,0,0,0,0,0,0,0,0,0,0,0,0,0,0,0,5.31302,0,0,0,0,0,0,5.769546,0,0,0,0,0,0,0,0,0,0,0,11.608522,6.773609,0,0,0,0,0,0,5.868925,0,0,0,0,0,0,0,0
0,0,0,0,0,0,0,0,0,0,0,6.388921,0,0,0,0,0,6.388921,0,5.253054,0,0,0,0,0,0,0,0,0,0,0,0,0,0,0,0,0,0,0,0,0,0,0,0,7.023456,0,0,0,0,0,0,5.678513,0,0,0,0,5.142577,0,0,0,0,0,0,0,0,5.769546,0,0,0,0,0,0,0,0,0,0,0,6.235079,0,0,0,0,0,0,0,0,0,0,0,0,0,0,0,0,0,0,0,0,0,5.769546,0,0,0,0,0,0,17.953227,0,0,0,0,0,0,0,0,0,0,0,0,0,0,0,0,0,0,0,5.31302,0,0,0,0,0,0,5.769546,0,0,0,0,0,0,0,0,0,0,0,11.608522,6.773609,0,0,0,0,0,0,5.868925,0,0,0,0,0,0,0,0
0,7.100256,0,6.26537,0,0,8.108299,0,0,0,0,0,0,0,0,0,0,0,7.743783,0,0,0,0,0,0,0,2.010409,0,0,0,0,0,0,0,0,0,0,0,0,0,0,4.403322,0,0,0,2.342591,0,0,0,0,0,0,0,0,0,0,2.088024,0,0,0,0,0,0,6.501015,0,2.342591,4.003533,0,0,0,0,0,0,0,0,2.271559,0,0,0,0,0,0,0,0,0,0,0,0,0,0,0,0,0,0,0,0,0,0,0,8.77719,0,0,0,0,0,0,0,4.678514,0,0,0,0,0,0,0,0,0,0,0,0,0,0,0,0,0,0,2.157229,0,0,0,0,0,0,0,0,0,0,16.826618,0,0,0,0,0,0,2.210573,2.210573,0,2.239982,0,0,2.382941,0,6.379111,0,2.010409,0,0,0,0,0,0,0
0,0,4.696574,9.466516,0,0,7.685637,0,0,0,0,0,0,0,0,4.113432,0,0,0,4.747822,0,0,0,0,0,0,0,0,0,0,0,0,0,0,0,0,0,0,0,0,0,0,0,0,0,0,0,0,0,0,0,0,16.571938,0,0,0,0,0,0,0,0,0,0,0,5.30446,0,0,0,0,0,0,0,0,0,0,0,0,0,0,0,0,0,0,0,0,0,0,0,0,0,0,0,0,4.475197,0,0,0,0,0,0,0,0,0,0,0,0,5.635397,0,0,0,0,0,0,0,0,0,0,0,0,0,0,0,0,0,0,0,0,0,0,0,0,0,0,0,0,0,0,0,4.747822,0,5.214639,7.405833,0,0,0,18.10391,0,4.986231,0,0,0,0,0,0,0,0,0,0,0,0,5.132361,0
0,0,0,0,4.591674,0,7.348977,0,0,0,0,0,0,0,0,3.933248,0,0,0,0,0,0,0,0,0,0,0,0,0,0,0,0,0,0,0,0,0,0,4.242126,0,0,0,0,0,0,0,0,0,0,0,0,0,21.706004,0,0,0,0,0,0,0,0,0,0,0,5.072104,0,0,0,0,5.072104,0,0,0,0,0,0,0,0,0,0,0,0,0,0,0,0,0,0,5.166542,0,0,0,0,4.279166,0,0,0,0,0,0,0,0,0,0,0,0,0,0,0,0,0,0,0,0,0,0,0,0,0,0,0,0,0,0,0,0,0,0,12.895556,0,0,0,0,0,0,0,0,0,0,0,4.986217,0,0,0,0,22.63811,0,4.767815,0,0,0,0,0,0,0,0,0,0,0,0,0,0
0,0,0,0,0,0,5.306315,0,0,0,0,7.241819,0,0,0,0,0,0,0,0,0,0,0,0,0,0,0,0,0,0,0,0,0,0,0,0,0,0,0,0,0,0,0,0,0,0,0,0,0,0,0,18.148745,0,0,7.677861,0,0,0,0,0,0,0,0,0,0,0,0,0,0,0,0,0,0,0,0,0,0,7.06744,0,0,0,0,0,0,0,0,0,0,0,0,0,16.39643,0,0,0,0,0,0,0,0,0,0,0,0,0,0,20.349919,0,0,0,0,0,0,0,0,0,0,0,0,0,0,0,0,0,0,0,0,0,0,0,0,0,0,0,0,0,0,0,0,0,0,0,0,0,0,17.193334,0,0,0,0,0,0,0,0,0,5.517103,0,0,0,0,0,0
0,0,0,0,0,0,0,0,0,0,0,0,0,0,0,0,0,0,5.515257,0,0,4.462821,0,0,0,0,0,4.929769,0,0,0,0,0,0,0,0,0,0,0,0,0,0,0,4.276695,0,0,0,0,0,0,0,0,0,0,0,0,0,0,0,0,0,0,0,0,4.929769,0,0,0,0,0,0,0,0,0,0,0,0,0,0,0,0,0,0,0,0,0,0,0,14.33603,0,0,0,0,0,0,0,0,0,0,4.846293,0,0,0,0,0,0,0,0,0,0,0,0,0,0,0,0,0,0,0,0,0,0,0,0,0,0,0,0,0,0,0,0,4.846293,0,0,0,0,0,0,0,4.846293,0,0,0,0,26.08681,0,0,0,0,0,0,4.699345,4.929769,0,0,0,0,0,16.600567,0,0
0,0,0,0,0,0,0,0,7.415671,0,0,0,0,0,0,0,0,0,0,0,0,0,0,0,0,0,0,0,0,0,0,0,0,0,0,0,0,0,0,0,0,0,0,3.775396,0,0,4.623429,0,0,0,0,11.686766,0,0,0,0,10.424392,0,0,0,0,0,0,0,0,4.278228,0,0,0,0,0,0,0,0,0,0,0,0,0,0,0,0,0,0,0,0,0,0,0,0,0,0,0,0,0,0,0,0,0,0,0,0,0,0,0,6.634401,0,0,6.496293,0,0,0,0,0,0,0,0,0,0,0,0,0,0,0,0,0,0,0,7.525706,0,0,0,0,0,0,0,0,0,3.895239,0,0,0,0,0,0,26.634275,5.022759,0,0,0,0,0,0,0,0,3.609219,0,0,0,0,4.210725,0
0,0,0,3.642885,9.999846,0,0,0,0,0,0,4.324159,0,0,1.893599,2.849897,0,0,0,0,0,0,0,0,0,0,1.722136,0,0,0,0,0,0,0,0,0,0,0,0,0,0,0,0,0,0,2.006687,0,1.918791,0,0,0,0,0,0,0,0,0,2.355906,0,0,0,0,0,0,5.80317,0,0,0,0,0,0,0,0,0,4.614821,0,0,2.168602,0,2.355906,5.275673,6.439971,0,0,0,0,0,0,0,0,0,0,0,0,0,0,0,1.918791,0,0,0,0,0,2.079258,1.870034,1.692891,0,0,1.665732,0,0,0,0,0,0,0,0,0,0,0,0,0,0,0,0,0,0,4.458543,0,0,0,0,0,0,0,0,0,0,0,0,3.844001,1.582923,0,0,1.893599,12.492706,6.873736,0,3.642885,0,0,0,0,0,0,0,0,2.006687,2.041251,0,0,0
8.411267,0,0,0,0,0,0,0,0,0,0,0,0,0,0,12.492891,0,0,0,0,0,0,0,0,0,0,0,0,0,0,0,0,0,0,0,0,0,0,0,0,0,0,0,0,0,0,0,8.411267,0,0,0,0,0,0,0,0,0,0,0,0,0,0,0,0,0,0,0,0,0,0,11.807973,0,0,0,0,0,0,0,0,0,0,0,0,0,0,0,0,0,0,0,0,0,0,7.549205,0,0,0,0,0,0,0,0,0,0,0,0,0,0,0,0,0,0,0,0,0,0,0,0,0,0,0,0,0,0,0,0,8.100524,0,0,0,0,0,0,0,0,0,0,0,0,0,0,0,0,0,0,17.698994,0,0,0,0,0,0,0,0,0,0,8.657775,16.850671,0,0,8.657775,0
0,0,3.260346,3.461425,0,0,0,0,0,0,0,0,0,0,0,0,0,0,8.043037,0,0,3.333547,0,0,0,0,0,0,0,0,0,0,0,0,0,0,0,0,0,0,0,0,0,0,0,0,0,0,7.399445,0,0,0,0,0,0,0,0,0,0,0,5.387481,0,0,6.804415,0,0,0,3.373468,0,0,0,0,0,0,0,0,0,3.912074,0,0,3.415979,0,0,0,0,0,0,0,0,0,0,0,0,0,5.387481,0,0,0,0,0,0,0,0,0,3.373468,0,0,0,3.004915,0,0,0,0,0,0,0,0,0,3.333547,0,0,0,0,0,0,0,0,0,0,0,6.274704,0,0,3.619985,0,0,0,0,0,0,13.374974,2.855531,0,0,3.415979,7.283532,4.249963,0,0,0,0,0,3.51022,0,0,0,0,0,0,0,0,0
12.964152,0,0,0,6.116914,0,0,0,0,0,0,0,0,0,0,5.239776,0,7.355606,0,0,0,0,0,0,0,0,0,0,0,0,0,0,12.283659,0,0,0,0,0,0,0,0,0,0,0,0,6.642516,0,0,0,0,0,0,0,0,0,0,0,0,0,0,0,0,0,0,0,0,0,0,0,0,0,0,0,0,0,0,0,0,0,0,0,0,0,0,0,0,0,11.520328,0,0,0,0,0,0,0,0,0,0,0,0,0,0,0,6.88274,0,0,0,0,0,0,0,0,0,0,0,0,0,0,0,0,0,0,0,0,0,0,0,0,0,0,0,0,0,0,0,0,0,0,0,0,0,0,0,0,0,30.157932,0,0,0,0,0,0,0,6.756932,0,0,0,0,0,0,0,0
